{
  "resourceType": "ImplementationGuide",
  "id": "r5demo",
  "text": {
    "status": "extensions",
    "div": "<div xmlns=\"http://www.w3.org/1999/xhtml\"><h2>ExampleIG</h2><p>The official URL for this implementation guide is: </p><pre>http://medigree.net/fhir/r5demo/ImplementationGuide/r5demo</pre><div><p>Example IG for R5 content.</p>\n</div></div>"
  },
  "url": "http://medigree.net/fhir/r5demo/ImplementationGuide/r5demo",
  "version": "1.0.0",
  "name": "ExampleIG",
  "title": "HL7 FHIR R5 Implementation Guide",
  "status": "active",
  "date": "2020-02-26",
  "publisher": "My Organization",
  "contact": [
    {
      "name": "My Organization",
      "telecom": [
        {
          "system": "url",
          "value": "http://example.com/committees"
        },
        {
          "system": "email",
          "value": "my-group@example.com"
        }
      ]
    },
    {
      "name": "Bob Smith",
      "telecom": [
        {
          "system": "email",
          "value": "bobsmith@example.com",
          "use": "work"
        }
      ]
    }
  ],
  "description": "Example IG for R5 content.",
  "jurisdiction": [
    {
      "coding": [
        {
          "system": "http://unstats.un.org/unsd/methods/m49/m49.htm",
          "code": "001",
          "display": "World"
        }
      ]
    }
  ],
  "packageId": "medigree.fhir.r5demo",
  "license": "CC0-1.0",
  "fhirVersion": [
    "5.0.0-ballot"
  ],
  "dependsOn": [
    {
      "id": "hl7tx",
      "uri": "http://terminology.hl7.org/ImplementationGuide/hl7.terminology",
      "packageId": "hl7.terminology.r5",
      "version": "4.0.0"
    }
  ],
  "definition": {
    "extension": [
      {
        "extension": [
          {
            "url": "code",
            "valueString": "copyrightyear"
          },
          {
            "url": "value",
            "valueString": "2021+"
          }
        ],
        "url": "http://hl7.org/fhir/tools/StructureDefinition/ig-parameter"
      },
      {
        "extension": [
          {
            "url": "code",
            "valueString": "releaselabel"
          },
          {
            "url": "value",
            "valueString": "STU1"
          }
        ],
        "url": "http://hl7.org/fhir/tools/StructureDefinition/ig-parameter"
      },
      {
        "extension": [
          {
            "url": "code",
            "valueString": "autoload-resources"
          },
          {
            "url": "value",
            "valueString": "true"
          }
        ],
        "url": "http://hl7.org/fhir/tools/StructureDefinition/ig-parameter"
      },
      {
        "extension": [
          {
            "url": "code",
            "valueString": "path-liquid"
          },
          {
            "url": "value",
            "valueString": "template/liquid"
          }
        ],
        "url": "http://hl7.org/fhir/tools/StructureDefinition/ig-parameter"
      },
      {
        "extension": [
          {
            "url": "code",
            "valueString": "path-liquid"
          },
          {
            "url": "value",
            "valueString": "input/liquid"
          }
        ],
        "url": "http://hl7.org/fhir/tools/StructureDefinition/ig-parameter"
      },
      {
        "extension": [
          {
            "url": "code",
            "valueString": "path-qa"
          },
          {
            "url": "value",
            "valueString": "temp/qa"
          }
        ],
        "url": "http://hl7.org/fhir/tools/StructureDefinition/ig-parameter"
      },
      {
        "extension": [
          {
            "url": "code",
            "valueString": "path-temp"
          },
          {
            "url": "value",
            "valueString": "temp/pages"
          }
        ],
        "url": "http://hl7.org/fhir/tools/StructureDefinition/ig-parameter"
      },
      {
        "extension": [
          {
            "url": "code",
            "valueString": "path-output"
          },
          {
            "url": "value",
            "valueString": "output"
          }
        ],
        "url": "http://hl7.org/fhir/tools/StructureDefinition/ig-parameter"
      },
      {
        "extension": [
          {
            "url": "code",
            "valueString": "path-suppressed-warnings"
          },
          {
            "url": "value",
            "valueString": "input/ignoreWarnings.txt"
          }
        ],
        "url": "http://hl7.org/fhir/tools/StructureDefinition/ig-parameter"
      },
      {
        "extension": [
          {
            "url": "code",
            "valueString": "path-history"
          },
          {
            "url": "value",
            "valueString": "http://medigree.net/fhir/r5demo/history.html"
          }
        ],
        "url": "http://hl7.org/fhir/tools/StructureDefinition/ig-parameter"
      },
      {
        "extension": [
          {
            "url": "code",
            "valueString": "template-html"
          },
          {
            "url": "value",
            "valueString": "template-page.html"
          }
        ],
        "url": "http://hl7.org/fhir/tools/StructureDefinition/ig-parameter"
      },
      {
        "extension": [
          {
            "url": "code",
            "valueString": "template-md"
          },
          {
            "url": "value",
            "valueString": "template-page-md.html"
          }
        ],
        "url": "http://hl7.org/fhir/tools/StructureDefinition/ig-parameter"
      },
      {
        "extension": [
          {
            "url": "code",
            "valueString": "apply-contact"
          },
          {
            "url": "value",
            "valueString": "true"
          }
        ],
        "url": "http://hl7.org/fhir/tools/StructureDefinition/ig-parameter"
      },
      {
        "extension": [
          {
            "url": "code",
            "valueString": "apply-context"
          },
          {
            "url": "value",
            "valueString": "true"
          }
        ],
        "url": "http://hl7.org/fhir/tools/StructureDefinition/ig-parameter"
      },
      {
        "extension": [
          {
            "url": "code",
            "valueString": "apply-copyright"
          },
          {
            "url": "value",
            "valueString": "true"
          }
        ],
        "url": "http://hl7.org/fhir/tools/StructureDefinition/ig-parameter"
      },
      {
        "extension": [
          {
            "url": "code",
            "valueString": "apply-jurisdiction"
          },
          {
            "url": "value",
            "valueString": "true"
          }
        ],
        "url": "http://hl7.org/fhir/tools/StructureDefinition/ig-parameter"
      },
      {
        "extension": [
          {
            "url": "code",
            "valueString": "apply-license"
          },
          {
            "url": "value",
            "valueString": "true"
          }
        ],
        "url": "http://hl7.org/fhir/tools/StructureDefinition/ig-parameter"
      },
      {
        "extension": [
          {
            "url": "code",
            "valueString": "apply-publisher"
          },
          {
            "url": "value",
            "valueString": "true"
          }
        ],
        "url": "http://hl7.org/fhir/tools/StructureDefinition/ig-parameter"
      },
      {
        "extension": [
          {
            "url": "code",
            "valueString": "apply-version"
          },
          {
            "url": "value",
            "valueString": "true"
          }
        ],
        "url": "http://hl7.org/fhir/tools/StructureDefinition/ig-parameter"
      },
      {
        "extension": [
          {
            "url": "code",
            "valueString": "active-tables"
          },
          {
            "url": "value",
            "valueString": "true"
          }
        ],
        "url": "http://hl7.org/fhir/tools/StructureDefinition/ig-parameter"
      },
      {
        "extension": [
          {
            "url": "code",
            "valueString": "fmm-definition"
          },
          {
            "url": "value",
            "valueString": "http://hl7.org/fhir/versions.html#maturity"
          }
        ],
        "url": "http://hl7.org/fhir/tools/StructureDefinition/ig-parameter"
      },
      {
        "extension": [
          {
            "url": "code",
            "valueString": "propagate-status"
          },
          {
            "url": "value",
            "valueString": "true"
          }
        ],
        "url": "http://hl7.org/fhir/tools/StructureDefinition/ig-parameter"
      },
      {
        "extension": [
          {
            "url": "code",
            "valueString": "excludelogbinaryformat"
          },
          {
            "url": "value",
            "valueString": "true"
          }
        ],
        "url": "http://hl7.org/fhir/tools/StructureDefinition/ig-parameter"
      },
      {
        "extension": [
          {
            "url": "code",
            "valueString": "tabbed-snapshots"
          },
          {
            "url": "value",
            "valueString": "true"
          }
        ],
        "url": "http://hl7.org/fhir/tools/StructureDefinition/ig-parameter"
      }
    ],
    "resource": [
      {
        "extension": [
          {
            "url": "http://hl7.org/fhir/tools/StructureDefinition/resource-information",
            "valueString": "StructureDefinition:resource"
          }
        ],
        "reference": {
          "reference": "StructureDefinition/FoodAllergy"
        },
        "name": "Food Allergy",
        "description": "Food Allergy profile",
        "isExample": false
      },
      {
        "extension": [
          {
            "url": "http://hl7.org/fhir/tools/StructureDefinition/resource-information",
            "valueString": "StructureDefinition:logical"
          }
        ],
        "reference": {
          "reference": "StructureDefinition/FoodAllergyModel"
        },
        "name": "Food Allergy Logical Model",
        "description": "Food Allergy information model",
        "isExample": false
      },
      {
        "extension": [
          {
            "url": "http://hl7.org/fhir/tools/StructureDefinition/resource-information",
            "valueString": "ValueSet"
          }
        ],
        "reference": {
          "reference": "ValueSet/FoodAllergyVS"
        },
        "name": "Food Allergies",
        "description": "Main Food allergies.",
        "isExample": false
      },
      {
        "extension": [
          {
            "url": "http://hl7.org/fhir/tools/StructureDefinition/resource-information",
            "valueString": "ActorDefinition"
          }
        ],
        "reference": {
          "reference": "ActorDefinition/Actor1"
        },
        "name": "Actor1",
        "description": "Actor description text here\nand here\n* option 1\n* option 2",
        "isExample": true
      },
      {
        "extension": [
          {
            "url": "http://hl7.org/fhir/tools/StructureDefinition/resource-information",
            "valueString": "AllergyIntolerance"
          }
        ],
        "reference": {
          "reference": "AllergyIntolerance/MyPeanutAllergy"
        },
        "name": "PeanutAllergy",
        "profile": [
          "http://medigree.net/fhir/r5demo/StructureDefinition/FoodAllergy",
          "http://medigree.net/fhir/r5demo/StructureDefinition/FoodAllergy"
        ]
      },
      {
        "extension": [
          {
            "url": "http://hl7.org/fhir/tools/StructureDefinition/resource-information",
            "valueString": "Requirements"
          }
        ],
        "reference": {
          "reference": "Requirements/Requirements1"
        },
        "name": "Requirements1",
        "description": "The requirements\n* functional (these)\n* technical (not here)\n* others (where?)",
        "isExample": true
      }
    ],
    "page": {
      "sourceUrl": "toc.html",
      "name": "toc.html",
      "title": "Table of Contents",
      "generation": "html",
      "page": [
        {
          "sourceUrl": "index.html",
          "name": "index.html",
          "title": "Home",
          "generation": "html"
        },
        {
          "sourceUrl": "changes.html",
          "name": "changes.html",
          "title": "Changes",
          "generation": "html"
        }
      ]
    },
    "parameter": [
      {
        "code": {
          "system": "http://hl7.org/fhir/guide-parameter-code",
          "code": "path-resource"
        },
        "value": "input/capabilities"
      },
      {
        "code": {
          "system": "http://hl7.org/fhir/guide-parameter-code",
          "code": "path-resource"
        },
        "value": "input/examples"
      },
      {
        "code": {
          "system": "http://hl7.org/fhir/guide-parameter-code",
          "code": "path-resource"
        },
        "value": "input/extensions"
      },
      {
        "code": {
          "system": "http://hl7.org/fhir/guide-parameter-code",
          "code": "path-resource"
        },
        "value": "input/models"
      },
      {
        "code": {
          "system": "http://hl7.org/fhir/guide-parameter-code",
          "code": "path-resource"
        },
        "value": "input/operations"
      },
      {
        "code": {
          "system": "http://hl7.org/fhir/guide-parameter-code",
          "code": "path-resource"
        },
        "value": "input/profiles"
      },
      {
        "code": {
          "system": "http://hl7.org/fhir/guide-parameter-code",
          "code": "path-resource"
        },
        "value": "input/resources"
      },
      {
        "code": {
          "system": "http://hl7.org/fhir/guide-parameter-code",
          "code": "path-resource"
        },
        "value": "input/vocabulary"
      },
      {
        "code": {
          "system": "http://hl7.org/fhir/guide-parameter-code",
          "code": "path-resource"
        },
        "value": "input/maps"
      },
      {
        "code": {
          "system": "http://hl7.org/fhir/guide-parameter-code",
          "code": "path-resource"
        },
        "value": "input/testing"
      },
      {
        "code": {
          "system": "http://hl7.org/fhir/guide-parameter-code",
          "code": "path-resource"
        },
        "value": "input/history"
      },
      {
        "code": {
          "system": "http://hl7.org/fhir/guide-parameter-code",
          "code": "path-resource"
        },
        "value": "fsh-generated/resources"
      },
      {
        "code": {
          "system": "http://hl7.org/fhir/guide-parameter-code",
          "code": "path-pages"
        },
        "value": "template/config"
      },
      {
        "code": {
          "system": "http://hl7.org/fhir/guide-parameter-code",
          "code": "path-pages"
        },
        "value": "input/images"
      },
      {
        "code": {
          "system": "http://hl7.org/fhir/guide-parameter-code",
          "code": "path-tx-cache"
        },
        "value": "input-cache/txcache"
      },
      {
        "code": {
          "system": "http://hl7.org/fhir/tools/CodeSystem/ig-parameters",
          "code": "copyrightyear"
        },
        "value": "2021+"
      },
      {
        "code": {
          "system": "http://hl7.org/fhir/tools/CodeSystem/ig-parameters",
          "code": "releaselabel"
        },
        "value": "STU1"
      },
      {
        "code": {
          "system": "http://hl7.org/fhir/tools/CodeSystem/ig-parameters",
          "code": "autoload-resources"
        },
        "value": "true"
      },
      {
        "code": {
          "system": "http://hl7.org/fhir/tools/CodeSystem/ig-parameters",
          "code": "path-liquid"
        },
        "value": "template/liquid"
      },
      {
        "code": {
          "system": "http://hl7.org/fhir/tools/CodeSystem/ig-parameters",
          "code": "path-liquid"
        },
        "value": "input/liquid"
      },
      {
        "code": {
          "system": "http://hl7.org/fhir/tools/CodeSystem/ig-parameters",
          "code": "path-qa"
        },
        "value": "temp/qa"
      },
      {
        "code": {
          "system": "http://hl7.org/fhir/tools/CodeSystem/ig-parameters",
          "code": "path-temp"
        },
        "value": "temp/pages"
      },
      {
        "code": {
          "system": "http://hl7.org/fhir/tools/CodeSystem/ig-parameters",
          "code": "path-output"
        },
        "value": "output"
      },
      {
        "code": {
          "system": "http://hl7.org/fhir/tools/CodeSystem/ig-parameters",
          "code": "path-suppressed-warnings"
        },
        "value": "input/ignoreWarnings.txt"
      },
      {
        "code": {
          "system": "http://hl7.org/fhir/tools/CodeSystem/ig-parameters",
          "code": "path-history"
        },
        "value": "http://medigree.net/fhir/r5demo/history.html"
      },
      {
        "code": {
          "system": "http://hl7.org/fhir/tools/CodeSystem/ig-parameters",
          "code": "template-html"
        },
        "value": "template-page.html"
      },
      {
        "code": {
          "system": "http://hl7.org/fhir/tools/CodeSystem/ig-parameters",
          "code": "template-md"
        },
        "value": "template-page-md.html"
      },
      {
        "code": {
          "system": "http://hl7.org/fhir/tools/CodeSystem/ig-parameters",
          "code": "apply-contact"
        },
        "value": "true"
      },
      {
        "code": {
          "system": "http://hl7.org/fhir/tools/CodeSystem/ig-parameters",
          "code": "apply-context"
        },
        "value": "true"
      },
      {
        "code": {
          "system": "http://hl7.org/fhir/tools/CodeSystem/ig-parameters",
          "code": "apply-copyright"
        },
        "value": "true"
      },
      {
        "code": {
          "system": "http://hl7.org/fhir/tools/CodeSystem/ig-parameters",
          "code": "apply-jurisdiction"
        },
        "value": "true"
      },
      {
        "code": {
          "system": "http://hl7.org/fhir/tools/CodeSystem/ig-parameters",
          "code": "apply-license"
        },
        "value": "true"
      },
      {
        "code": {
          "system": "http://hl7.org/fhir/tools/CodeSystem/ig-parameters",
          "code": "apply-publisher"
        },
        "value": "true"
      },
      {
        "code": {
          "system": "http://hl7.org/fhir/tools/CodeSystem/ig-parameters",
          "code": "apply-version"
        },
        "value": "true"
      },
      {
        "code": {
          "system": "http://hl7.org/fhir/tools/CodeSystem/ig-parameters",
          "code": "active-tables"
        },
        "value": "true"
      },
      {
        "code": {
          "system": "http://hl7.org/fhir/tools/CodeSystem/ig-parameters",
          "code": "fmm-definition"
        },
        "value": "http://hl7.org/fhir/versions.html#maturity"
      },
      {
        "code": {
          "system": "http://hl7.org/fhir/tools/CodeSystem/ig-parameters",
          "code": "propagate-status"
        },
        "value": "true"
      },
      {
        "code": {
          "system": "http://hl7.org/fhir/tools/CodeSystem/ig-parameters",
          "code": "excludelogbinaryformat"
        },
        "value": "true"
      },
      {
        "code": {
          "system": "http://hl7.org/fhir/tools/CodeSystem/ig-parameters",
          "code": "tabbed-snapshots"
        },
        "value": "true"
      }
    ]
  }
}