<?xml version="1.0" encoding="UTF-8"?><Bundle xmlns="http://hl7.org/fhir"><type value="collection"/><entry><resource><OperationOutcome><issue><extension url="http://hl7.org/fhir/StructureDefinition/operationoutcome-issue-source"><valueCode value="Publisher"/></extension><severity value="warning"/><code value="business-rule"/><details><text value="The Implementation Guide Resource id should be medigree.fhir.r5demo"/></details><expression value="ImplementationGuide.id"/></issue><issue><extension url="http://hl7.org/fhir/StructureDefinition/operationoutcome-issue-source"><valueCode value="Publisher"/></extension><severity value="warning"/><code value="not-found"/><details><text value="The HTML fragment 'ip-statements.xhtml' is not included anywhere in the produced implementation guide"/></details><expression value="1"/></issue><issue><extension url="http://hl7.org/fhir/StructureDefinition/operationoutcome-issue-source"><valueCode value="Publisher"/></extension><severity value="warning"/><code value="not-found"/><details><text value="The HTML fragment 'dependency-table.xhtml' is not included anywhere in the produced implementation guide"/></details><expression value="3"/></issue><issue><extension url="http://hl7.org/fhir/StructureDefinition/operationoutcome-issue-source"><valueCode value="Publisher"/></extension><severity value="warning"/><code value="not-found"/><details><text value="The HTML fragment 'globals-table.xhtml' is not included anywhere in the produced implementation guide"/></details><expression value="4"/></issue></OperationOutcome></resource></entry><entry><resource><OperationOutcome><extension url="http://hl7.org/fhir/StructureDefinition/operationoutcome-file"><valueString value="C:\temp\medigree.fhir.r5demo#1.0.0\fsh-generated\resources\ActorDefinition-Actor1"/></extension></OperationOutcome></resource></entry><entry><resource><OperationOutcome><extension url="http://hl7.org/fhir/StructureDefinition/operationoutcome-file"><valueString value="C:\temp\medigree.fhir.r5demo#1.0.0\fsh-generated\resources\AllergyIntolerance-MyPeanutAllergy"/></extension></OperationOutcome></resource></entry><entry><resource><OperationOutcome><extension url="http://hl7.org/fhir/StructureDefinition/operationoutcome-file"><valueString value="C:\temp\medigree.fhir.r5demo#1.0.0\fsh-generated\resources\Requirements-Requirements1"/></extension></OperationOutcome></resource></entry><entry><resource><OperationOutcome><extension url="http://hl7.org/fhir/StructureDefinition/operationoutcome-file"><valueString value="C:\temp\medigree.fhir.r5demo#1.0.0\fsh-generated\resources\StructureDefinition-FoodAllergy"/></extension><issue><extension url="http://hl7.org/fhir/StructureDefinition/operationoutcome-issue-source"><valueCode value="InstanceValidator"/></extension><extension url="http://hl7.org/fhir/StructureDefinition/operationoutcome-message-id"><valueCode value="Rule eld-27: 'Mappings SHOULD be unique by key' Failed"/></extension><severity value="warning"/><code value="invariant"/><details><text value="Rule eld-27: 'Mappings SHOULD be unique by key' Failed"/></details><expression value="StructureDefinition/FoodAllergy: StructureDefinition.snapshot.element[0]"/></issue><issue><extension url="http://hl7.org/fhir/StructureDefinition/operationoutcome-issue-source"><valueCode value="InstanceValidator"/></extension><extension url="http://hl7.org/fhir/StructureDefinition/operationoutcome-message-id"><valueCode value="Rule eld-27: 'Mappings SHOULD be unique by key' Failed"/></extension><severity value="warning"/><code value="invariant"/><details><text value="Rule eld-27: 'Mappings SHOULD be unique by key' Failed"/></details><expression value="StructureDefinition/FoodAllergy: StructureDefinition.snapshot.element[16]"/></issue></OperationOutcome></resource></entry><entry><resource><OperationOutcome><extension url="http://hl7.org/fhir/StructureDefinition/operationoutcome-file"><valueString value="C:\temp\medigree.fhir.r5demo#1.0.0\fsh-generated\resources\StructureDefinition-FoodAllergyModel"/></extension><issue><extension url="http://hl7.org/fhir/StructureDefinition/operationoutcome-issue-source"><valueCode value="ProfileValidator"/></extension><severity value="error"/><code value="business-rule"/><details><text value="Duplicate Element id FoodAllergyModel.reactions.id"/></details><expression value="http://medigree.net/fhir/r5demo/StructureDefinition/FoodAllergyModel.FoodAllergyModel.reactions.id"/></issue><issue><extension url="http://hl7.org/fhir/StructureDefinition/operationoutcome-issue-source"><valueCode value="ProfileValidator"/></extension><severity value="error"/><code value="business-rule"/><details><text value="Duplicate Element id FoodAllergyModel.reactions.extension"/></details><expression value="http://medigree.net/fhir/r5demo/StructureDefinition/FoodAllergyModel.FoodAllergyModel.reactions.extension"/></issue><issue><extension url="http://hl7.org/fhir/StructureDefinition/operationoutcome-issue-source"><valueCode value="InstanceValidator"/></extension><extension url="http://hl7.org/fhir/StructureDefinition/operationoutcome-message-id"><valueCode value="Rule sdf-1: 'Element paths must be unique unless the structure is a constraint' Failed"/></extension><severity value="error"/><code value="invariant"/><details><text value="Rule sdf-1: 'Element paths must be unique unless the structure is a constraint' Failed"/></details><expression value="StructureDefinition/FoodAllergyModel: StructureDefinition"/></issue><issue><extension url="http://hl7.org/fhir/StructureDefinition/operationoutcome-issue-source"><valueCode value="InstanceValidator"/></extension><extension url="http://hl7.org/fhir/StructureDefinition/operationoutcome-message-id"><valueCode value="Rule sdf-16: 'All element definitions must have unique ids (snapshot)' Failed (ids: FoodAllergyModel,FoodAllergyModel.patient,FoodAllergyModel.allergen,FoodAllergyModel.clinicalStatus,FoodAllergyModel.verificationStatus,FoodAllergyModel.recordedDate,FoodAllergyModel.recorder,FoodAllergyModel.asserter,FoodAllergyModel.reactions,FoodAllergyModel.reactions.id,FoodAllergyModel.reactions.extension,FoodAllergyModel.reactions.id,FoodAllergyModel.reactions.extension,FoodAllergyModel.reactions.modifierExtension,FoodAllergyModel.reactions.manifestation,FoodAllergyModel.reactions.certitude,FoodAllergyModel.reactions.exposure,FoodAllergyModel.reactions.note) (log:  (ids: FoodAllergyModel,FoodAllergyModel.patient,FoodAllergyModel.allergen,FoodAllergyModel.clinicalStatus,FoodAllergyModel.verificationStatus,FoodAllergyModel.recordedDate,FoodAllergyModel.recorder,FoodAllergyModel.asserter,FoodAllergyModel.reactions,FoodAllergyModel.reactions.id,FoodAllergyModel.reactions.extension,FoodAllergyModel.reactions.id,FoodAllergyModel.reactions.extension,FoodAllergyModel.reactions.modifierExtension,FoodAllergyModel.reactions.manifestation,FoodAllergyModel.reactions.certitude,FoodAllergyModel.reactions.exposure,FoodAllergyModel.reactions.note))"/></extension><severity value="error"/><code value="invariant"/><details><text value="Rule sdf-16: 'All element definitions must have unique ids (snapshot)' Failed (ids: FoodAllergyModel,FoodAllergyModel.patient,FoodAllergyModel.allergen,FoodAllergyModel.clinicalStatus,FoodAllergyModel.verificationStatus,FoodAllergyModel.recordedDate,FoodAllergyModel.recorder,FoodAllergyModel.asserter,FoodAllergyModel.reactions,FoodAllergyModel.reactions.id,FoodAllergyModel.reactions.extension,FoodAllergyModel.reactions.id,FoodAllergyModel.reactions.extension,FoodAllergyModel.reactions.modifierExtension,FoodAllergyModel.reactions.manifestation,FoodAllergyModel.reactions.certitude,FoodAllergyModel.reactions.exposure,FoodAllergyModel.reactions.note) (log:  (ids: FoodAllergyModel,FoodAllergyModel.patient,FoodAllergyModel.allergen,FoodAllergyModel.clinicalStatus,FoodAllergyModel.verificationStatus,FoodAllergyModel.recordedDate,FoodAllergyModel.recorder,FoodAllergyModel.asserter,FoodAllergyModel.reactions,FoodAllergyModel.reactions.id,FoodAllergyModel.reactions.extension,FoodAllergyModel.reactions.id,FoodAllergyModel.reactions.extension,FoodAllergyModel.reactions.modifierExtension,FoodAllergyModel.reactions.manifestation,FoodAllergyModel.reactions.certitude,FoodAllergyModel.reactions.exposure,FoodAllergyModel.reactions.note))"/></details><expression value="StructureDefinition/FoodAllergyModel: StructureDefinition"/></issue><issue><extension url="http://hl7.org/fhir/StructureDefinition/operationoutcome-issue-source"><valueCode value="InstanceValidator"/></extension><extension url="http://hl7.org/fhir/StructureDefinition/operationoutcome-message-id"><valueCode value="Rule eld-14: 'Constraints must be unique by key' Failed"/></extension><severity value="error"/><code value="invariant"/><details><text value="Rule eld-14: 'Constraints must be unique by key' Failed"/></details><expression value="StructureDefinition/FoodAllergyModel: StructureDefinition.snapshot.element[8]"/></issue><issue><extension url="http://hl7.org/fhir/StructureDefinition/operationoutcome-issue-source"><valueCode value="InstanceValidator"/></extension><extension url="http://hl7.org/fhir/StructureDefinition/operationoutcome-message-id"><valueCode value="DUPLICATE_ID"/></extension><severity value="error"/><code value="business-rule"/><details><text value="Duplicate id value 'FoodAllergyModel.reactions.id'"/></details><expression value="StructureDefinition/FoodAllergyModel: StructureDefinition.snapshot.element[11]"/></issue><issue><extension url="http://hl7.org/fhir/StructureDefinition/operationoutcome-issue-source"><valueCode value="InstanceValidator"/></extension><extension url="http://hl7.org/fhir/StructureDefinition/operationoutcome-message-id"><valueCode value="DUPLICATE_ID"/></extension><severity value="error"/><code value="business-rule"/><details><text value="Duplicate id value 'FoodAllergyModel.reactions.extension'"/></details><expression value="StructureDefinition/FoodAllergyModel: StructureDefinition.snapshot.element[12]"/></issue></OperationOutcome></resource></entry><entry><resource><OperationOutcome><extension url="http://hl7.org/fhir/StructureDefinition/operationoutcome-file"><valueString value="C:\temp\medigree.fhir.r5demo#1.0.0\fsh-generated\resources\ValueSet-FoodAllergyVS"/></extension><issue><extension url="http://hl7.org/fhir/StructureDefinition/operationoutcome-issue-source"><valueCode value="InstanceValidator"/></extension><extension url="http://hl7.org/fhir/StructureDefinition/operationoutcome-message-id"><valueCode value="VALUESET_SHAREABLE_MISSING"/></extension><severity value="warning"/><code value="required"/><details><text value="The ShareableValueSet profile says that the experimental element is mandatory, but it is not present. Published value sets SHOULD conform to the ShareableValueSet profile"/></details><expression value="ValueSet/FoodAllergyVS: ValueSet"/></issue></OperationOutcome></resource></entry><entry><resource><OperationOutcome><extension url="http://hl7.org/fhir/StructureDefinition/operationoutcome-file"><valueString value="c:\temp\medigree.fhir.r5demo#1.0.0\fsh-generated\resources\ImplementationGuide-r5demo"/></extension></OperationOutcome></resource></entry></Bundle>