<CodeSystem xmlns="http://hl7.org/fhir">
   <id value="address-type-dk-supplement"></id>
   <url value="http://hl7.dk/fhir/core/CodeSystem/address-type-dk-supplement"></url>
   <supplements value="http://hl7.org/fhir/address-type" ></supplements>
   <version value="4.0.1"></version>
   <name value="AddressType"></name>
   <status value="draft"></status>
   <experimental value="false"></experimental>
   <publisher value="HL7 DK"></publisher>
   <contact>
      <telecom>
         <system value="url"></system>
         <value value="http://hl7.dk/"></value>
      </telecom>
   </contact>
   <description value="The type of an address (physical / postal)"></description>
   

   
   <content value="supplement"></content>
   <concept>
      <code value="postal"></code>
      <display value="Postal"></display>
      <definition value="Mailing addresses - PO Boxes and care-of addresses."></definition>
      <designation>
         <language value="da"></language>
         <use>
            <system value="http://snomed.info/sct"></system>
            <code value="900000000000013009"></code>
         </use>
         <value value="Post"></value>
      </designation>
   </concept>
   <concept>
      <code value="physical"></code>
      <display value="Physical"></display>
      <definition value="A physical address that can be visited."></definition>
      <designation>
         <language value="da"></language>
         <use>
            <system value="http://snomed.info/sct"></system>
            <code value="900000000000013009"></code>
         </use>
         <value value="Fysisk"></value>
      </designation>
   </concept>
   <concept>
      <code value="both"></code>
      <display value="Postal &amp; Physical"></display>
      <definition value="An address that is both physical and postal."></definition>
      <designation>
         <language value="da"></language>
         <use>
            <system value="http://snomed.info/sct"></system>
            <code value="900000000000013009"></code>
         </use>
         <value value="Post &amp; fysisk"></value>
      </designation>
   </concept>
</CodeSystem>
