<CodeSystem xmlns="http://hl7.org/fhir">


   <supplements value="http://hl7.org/fhir/consent-state-codes"></supplements>
   <id value="consent-state-codes-dk-supplement"></id>
  
   <url value="http://hl7.dk/fhir/core/CodeSystem/consent-state-codes-dk-supplement"></url>
   <version value="3.0.2"></version>
   <name value="ConsentState"></name>
   <status value="draft"></status>
   <experimental value="false"></experimental>
   <publisher value="HL7 DK"></publisher>
   <contact>
      <telecom>
         <system value="url"></system>
         <value value="http://hl7.dk"></value>
      </telecom>
   </contact>
   <description value="Indicates the state of the consent"></description>
   
   
   <content value="supplement"></content>
   <concept>
      <code value="draft"></code>
      <display value="Pending"></display>
      <definition value="The consent is in development or awaiting use but is not yet intended to be acted upon."></definition>
      <designation>
         <language value="da"></language>
         <use>
            <system value="http://snomed.info/sct"></system>
            <code value="900000000000013009"></code>
         </use>
         <value value="Under udarbejdelse"></value>
      </designation>
   </concept>
   <concept>
      <code value="proposed"></code>
      <display value="Proposed"></display>
      <definition value="The consent has been proposed but not yet agreed to by all parties. The negotiation stage."></definition>
      <designation>
         <language value="da"></language>
         <use>
            <system value="http://snomed.info/sct"></system>
            <code value="900000000000013009"></code>
         </use>
         <value value="Forslag"></value>
      </designation>
   </concept>
   <concept>
      <code value="active"></code>
      <display value="Active"></display>
      <definition value="The consent is to be followed and enforced."></definition>
      <designation>
         <language value="da"></language>
         <use>
            <system value="http://snomed.info/sct"></system>
            <code value="900000000000013009"></code>
         </use>
         <value value="Aktiv"></value>
      </designation>
   </concept>
   <concept>
      <code value="rejected"></code>
      <display value="Rejected"></display>
      <definition value="The consent has been rejected by one or more of the parties."></definition>
      <designation>
         <language value="da"></language>
         <use>
            <system value="http://snomed.info/sct"></system>
            <code value="900000000000013009"></code>
         </use>
         <value value="Afvist"></value>
      </designation>
   </concept>
   <concept>
      <code value="inactive"></code>
      <display value="Inactive"></display>
      <definition value="The consent is terminated or replaced."></definition>
      <designation>
         <language value="da"></language>
         <use>
            <system value="http://snomed.info/sct"></system>
            <code value="900000000000013009"></code>
         </use>
         <value value="Inaktiv"></value>
      </designation>
   </concept>
   <concept>
      <code value="entered-in-error"></code>
      <display value="Entered in Error"></display>
      <definition value="The consent was created wrongly (e.g. wrong patient) and should be ignored"></definition>
      <designation>
         <language value="da"></language>
         <use>
            <system value="http://snomed.info/sct"></system>
            <code value="900000000000013009"></code>
         </use>
         <value value="Fejlindtastning"></value>
      </designation>
   </concept>
</CodeSystem>
