<CodeSystem xmlns="http://hl7.org/fhir">


   <supplements value="http://hl7.org/fhir/days-of-week"></supplements>

   <id value="days-of-week-dk-supplement"></id>

   <url value="http://hl7.dk/fhir/core/CodeSystem/days-of-week-dk-supplement"></url>
  <version value="3.0.2"></version>
   <name value="DaysOfWeek"></name>
   <status value="draft"></status>
   <experimental value="false"></experimental>
   <publisher value="HL7 DK"></publisher>
   <contact>
      <telecom>
         <system value="url"></system>
         <value value="http://hl7.dk"></value>
      </telecom>
   </contact>
   <description value="The days of the week."></description>
   
  
   <content value="supplement"></content>
   <concept>
      <code value="mon"></code>
      <display value="Monday"></display>
      <definition value="Monday"></definition>
      <designation>
         <language value="da"></language>
         <use>
            <system value="http://snomed.info/sct"></system>
            <code value="900000000000013009"></code>
         </use>
         <value value="Mandag"></value>
      </designation>
   </concept>
   <concept>
      <code value="tue"></code>
      <display value="Tuesday"></display>
      <definition value="Tuesday"></definition>
      <designation>
         <language value="da"></language>
         <use>
            <system value="http://snomed.info/sct"></system>
            <code value="900000000000013009"></code>
         </use>
         <value value="Tirsdag"></value>
      </designation>
   </concept>
   <concept>
      <code value="wed"></code>
      <display value="Wednesday"></display>
      <definition value="Wednesday"></definition>
      <designation>
         <language value="da"></language>
         <use>
            <system value="http://snomed.info/sct"></system>
            <code value="900000000000013009"></code>
         </use>
         <value value="Onsdag"></value>
      </designation>
   </concept>
   <concept>
      <code value="thu"></code>
      <display value="Thursday"></display>
      <definition value="Thursday"></definition>
      <designation>
         <language value="da"></language>
         <use>
            <system value="http://snomed.info/sct"></system>
            <code value="900000000000013009"></code>
         </use>
         <value value="Torsdag"></value>
      </designation>
   </concept>
   <concept>
      <code value="fri"></code>
      <display value="Friday"></display>
      <definition value="Friday"></definition>
      <designation>
         <language value="da"></language>
         <use>
            <system value="http://snomed.info/sct"></system>
            <code value="900000000000013009"></code>
         </use>
         <value value="Fredag"></value>
      </designation>
   </concept>
   <concept>
      <code value="sat"></code>
      <display value="Saturday"></display>
      <definition value="Saturday"></definition>
      <designation>
         <language value="da"></language>
         <use>
            <system value="http://snomed.info/sct"></system>
            <code value="900000000000013009"></code>
         </use>
         <value value="Lørdag"></value>
      </designation>
   </concept>
   <concept>
      <code value="sun"></code>
      <display value="Sunday"></display>
      <definition value="Sunday"></definition>
      <designation>
         <language value="da"></language>
         <use>
            <system value="http://snomed.info/sct"></system>
            <code value="900000000000013009"></code>
         </use>
         <value value="Søndag"></value>
      </designation>
   </concept>
</CodeSystem>