<CodeSystem xmlns="http://hl7.org/fhir">
	<supplements value="http://hl7.org/fhir/request-status">
	</supplements>
	<id value="request-status-dk-supplement">
	</id>
	<url value="http://hl7.dk/fhir/core/CodeSystem/request-status-dk-supplement">
	</url>
	<version value="4.0.1">
	</version>
	<name value="RequestStatus">
	</name>
	<status value="draft">
	</status>
	<experimental value="false">
	</experimental>
	<publisher value="HL7 DK">
	</publisher>
	<contact>
		<telecom>
			<system value="url">
			</system>
			<value value="http://hl7.dk">
			</value>
		</telecom>
	</contact>
	<description value="Codes identifying the stage lifecycle stage of a request">
	</description>
	<content value="supplement">
	</content>
	<concept>
		<code value="draft" />
		<display value="Draft" />
		<definition value="The request has been created but is not yet complete or ready for action." />
		<designation>
			<language value="da" />
			<use>
				<system value="http://snomed.info/sct" />
				<code value="900000000000013009" />
			</use>
			<value value="Udkast" />
		</designation>
	</concept>
	<concept>
		<code value="active" />
		<display value="Active" />
		<definition value="The request is in force and ready to be acted upon." />
		<designation>
			<language value="da" />
			<use>
				<system value="http://snomed.info/sct" />
				<code value="900000000000013009" />
			</use>
			<value value="Aktiv" />
		</designation>
	</concept>
	<concept>
		<code value="on-hold" />
		<display value="On Hold" />
		<definition value="The request (and any implicit authorization to act) has been temporarily withdrawn but is expected to resume in the future." />
		<designation>
			<language value="da" />
			<use>
				<system value="http://snomed.info/sct" />
				<code value="900000000000013009" />
			</use>
			<value value="Suspenderet" />
		</designation>
	</concept>
	<concept>
		<code value="revoked" />
		<display value="Revoked" />
		<definition value="The request (and any implicit authorization to act) has been terminated prior to the known full completion of the intended actions. No further activity should occur." />
		<designation>
			<language value="da" />
			<use>
				<system value="http://snomed.info/sct" />
				<code value="900000000000013009" />
			</use>
			<value value="Annulleret" />
		</designation>
	</concept>
	<concept>
		<code value="completed" />
		<display value="Completed" />
		<definition value="The activity described by the request has been fully performed. No further activity will occur." />
		<designation>
			<language value="da" />
			<use>
				<system value="http://snomed.info/sct" />
				<code value="900000000000013009" />
			</use>
			<value value="Afsluttet" />
		</designation>
	</concept>
	<concept>
		<code value="entered-in-error" />
		<display value="Entered in Error" />
		<definition value="This request should never have existed and should be considered &#39;void&#39;. (It is possible that real-world decisions were based on it. If real-world activity has occurred, the status should be &quot;revoked&quot; rather than &quot;entered-in-error&quot;.)." />
		<designation>
			<language value="da" />
			<use>
				<system value="http://snomed.info/sct" />
				<code value="900000000000013009" />
			</use>
			<value value="Fejlindtastning" />
		</designation>
	</concept>
	<concept>
		<code value="unknown" />
		<display value="Unknown" />
		<definition value="The authoring system does not know which of the status values currently applies for this request.  Note: This concept is not to be used for &quot;other&quot;  - one of the listed statuses is presumed to apply, but the authoring/source system does not know which." />
		<designation>
			<language value="da" />
			<use>
				<system value="http://snomed.info/sct" />
				<code value="900000000000013009" />
			</use>
			<value value="Ukendt" />
		</designation>
	</concept>
</CodeSystem>
