{
  "resourceType": "AllergyIntolerance",
  "id": "MyPeanutAllergy",
  "meta": {
    "profile": [
      "http://medigree.net/fhir/r5demo/StructureDefinition/FoodAllergy"
    ]
  },
  "patient": {
    "identifier": {
      "value": "8936584955"
    },
    "display": "Paul Peters"
  },
  "clinicalStatus": {
    "coding": [
      {
        "code": "active",
        "system": "http://terminology.hl7.org/CodeSystem/allergyintolerance-clinical"
      }
    ]
  },
  "verificationStatus": {
    "coding": [
      {
        "code": "unconfirmed",
        "system": "http://terminology.hl7.org/CodeSystem/allergyintolerance-verification"
      }
    ]
  },
  "code": {
    "coding": [
      {
        "code": "91935009",
        "system": "http://snomed.info/sct",
        "display": "Allergy to peanut"
      }
    ]
  },
  "recordedDate": "2021-07-28",
  "participant": [
    {
      "function": {
        "coding": [
          {
            "code": "enterer",
            "system": "http://terminology.hl7.org/CodeSystem/provenance-participant-type"
          }
        ]
      },
      "actor": {
        "identifier": {
          "value": "8936584955"
        },
        "display": "Daniel Davis"
      }
    },
    {
      "function": {
        "coding": [
          {
            "code": "informant",
            "system": "http://terminology.hl7.org/CodeSystem/provenance-participant-type"
          }
        ]
      },
      "actor": {
        "identifier": {
          "value": "8936584955"
        },
        "display": "Paul Peters"
      }
    }
  ]
}
