{
  "resourceType": "StructureDefinition",
  "id": "FoodAllergy",
  "extension": [
    {
      "url": "http://hl7.org/fhir/StructureDefinition/structuredefinition-category",
      "valueString": "Clinical.Summary"
    },
    {
      "url": "http://hl7.org/fhir/StructureDefinition/structuredefinition-security-category",
      "valueCode": "patient"
    }
  ],
  "url": "http://medigree.net/fhir/r5demo/StructureDefinition/FoodAllergy",
  "version": "1.0.0",
  "name": "FoodAllergy",
  "title": "Food Allergy",
  "status": "active",
  "description": "Food Allergy profile",
  "fhirVersion": "5.0.0-ballot",
  "mapping": [
    {
      "identity": "rim",
      "uri": "http://hl7.org/v3",
      "name": "RIM Mapping"
    },
    {
      "identity": "w5",
      "uri": "http://hl7.org/fhir/fivews",
      "name": "FiveWs Pattern Mapping"
    },
    {
      "identity": "v2",
      "uri": "http://hl7.org/v2",
      "name": "HL7 v2 Mapping"
    }
  ],
  "kind": "resource",
  "abstract": false,
  "type": "AllergyIntolerance",
  "baseDefinition": "http://hl7.org/fhir/StructureDefinition/AllergyIntolerance",
  "derivation": "constraint",
  "differential": {
    "element": [
      {
        "id": "AllergyIntolerance.clinicalStatus",
        "path": "AllergyIntolerance.clinicalStatus",
        "min": 1,
        "mustSupport": true
      },
      {
        "id": "AllergyIntolerance.verificationStatus",
        "path": "AllergyIntolerance.verificationStatus",
        "min": 1,
        "mustSupport": true
      },
      {
        "id": "AllergyIntolerance.code",
        "path": "AllergyIntolerance.code",
        "min": 1,
        "mustSupport": true,
        "binding": {
          "strength": "extensible",
          "valueSet": "http://medigree.net/fhir/r5demo/ValueSet/FoodAllergyVS"
        }
      },
      {
        "id": "AllergyIntolerance.patient",
        "path": "AllergyIntolerance.patient",
        "mustSupport": true
      },
      {
        "id": "AllergyIntolerance.recordedDate",
        "path": "AllergyIntolerance.recordedDate",
        "mustSupport": true
      },
      {
        "id": "AllergyIntolerance.reaction",
        "path": "AllergyIntolerance.reaction",
        "mustSupport": true
      },
      {
        "id": "AllergyIntolerance.reaction.extension",
        "path": "AllergyIntolerance.reaction.extension",
        "slicing": {
          "discriminator": [
            {
              "type": "value",
              "path": "url"
            }
          ],
          "ordered": false,
          "rules": "open"
        }
      },
      {
        "id": "AllergyIntolerance.reaction.extension:certainty",
        "path": "AllergyIntolerance.reaction.extension",
        "sliceName": "certainty",
        "min": 0,
        "max": "1",
        "type": [
          {
            "code": "Extension",
            "profile": [
              "http://hl7.org/fhir/StructureDefinition/allergyintolerance-certainty"
            ]
          }
        ],
        "mustSupport": true
      },
      {
        "id": "AllergyIntolerance.reaction.manifestation",
        "path": "AllergyIntolerance.reaction.manifestation",
        "mustSupport": true
      },
      {
        "id": "AllergyIntolerance.reaction.exposureRoute",
        "path": "AllergyIntolerance.reaction.exposureRoute",
        "mustSupport": true
      },
      {
        "id": "AllergyIntolerance.reaction.note",
        "path": "AllergyIntolerance.reaction.note",
        "mustSupport": true
      }
    ]
  }
}
