{
  "resourceType": "ValueSet",
  "status": "active",
  "name": "FoodAllergyVS",
  "id": "FoodAllergyVS",
  "title": "Food Allergies",
  "description": "Main Food allergies.",
  "version": "1.0.0",
  "url": "http://medigree.net/fhir/r5demo/ValueSet/FoodAllergyVS",
  "compose": {
    "include": [
      {
        "system": "http://snomed.info/sct",
        "concept": [
          {
            "code": "91935009",
            "display": "Allergy to peanut"
          },
          {
            "code": "48821000119104",
            "display": "Allergy to tree nut"
          },
          {
            "code": "782555009",
            "display": "Allergy to cow's milk protein"
          },
          {
            "code": "213020009",
            "display": "Allergy to egg protein"
          },
          {
            "code": "417532002",
            "display": "Allergy to fish"
          },
          {
            "code": "300913006",
            "display": "Allergy to shellfish"
          },
          {
            "code": "782594005",
            "display": "Allergy to soy protein"
          },
          {
            "code": "260167008",
            "display": "Sesame seed"
          },
          {
            "code": "21191000122102",
            "display": "Allergy to mustard"
          },
          {
            "code": "712843002",
            "display": "Allergy to celery"
          },
          {
            "code": "782575000",
            "display": "Allergy to lupine seed"
          }
        ]
      }
    ]
  }
}
