<?xml version="1.0" encoding="UTF-8"?><Bundle xmlns="http://hl7.org/fhir"><type value="collection"/><entry><resource><OperationOutcome><issue><extension url="http://hl7.org/fhir/StructureDefinition/operationoutcome-issue-source"><valueCode value="Publisher"/></extension><severity value="warning"/><code value="structure"/><details><text value="The canonical URL for an Implementation Guide must point directly to the implementation guide resource, not to the Implementation Guide as a whole"/></details><expression value="ImplementationGuide.url"/></issue></OperationOutcome></resource></entry><entry><resource><OperationOutcome><extension url="http://hl7.org/fhir/StructureDefinition/operationoutcome-file"><valueString value="C:\temp\hl7.fhir.dk.core#1.1.1\fsh-generated\resources\codesystem-DkCoreProfessionGroupCodes"/></extension></OperationOutcome></resource></entry><entry><resource><OperationOutcome><extension url="http://hl7.org/fhir/StructureDefinition/operationoutcome-file"><valueString value="C:\temp\hl7.fhir.dk.core#1.1.1\fsh-generated\resources\codesystem-administrative-gender-supplement"/></extension></OperationOutcome></resource></entry><entry><resource><OperationOutcome><extension url="http://hl7.org/fhir/StructureDefinition/operationoutcome-file"><valueString value="C:\temp\hl7.fhir.dk.core#1.1.1\fsh-generated\resources\codesystem-dk-core-cpr-identifier-system"/></extension></OperationOutcome></resource></entry><entry><resource><OperationOutcome><extension url="http://hl7.org/fhir/StructureDefinition/operationoutcome-file"><valueString value="C:\temp\hl7.fhir.dk.core#1.1.1\fsh-generated\resources\codesystem-dk-core-municipality-codes"/></extension></OperationOutcome></resource></entry><entry><resource><OperationOutcome><extension url="http://hl7.org/fhir/StructureDefinition/operationoutcome-file"><valueString value="C:\temp\hl7.fhir.dk.core#1.1.1\fsh-generated\resources\codesystem-dk-core-municipality-codes-greenland"/></extension></OperationOutcome></resource></entry><entry><resource><OperationOutcome><extension url="http://hl7.org/fhir/StructureDefinition/operationoutcome-file"><valueString value="C:\temp\hl7.fhir.dk.core#1.1.1\fsh-generated\resources\codesystem-dk-core-regional-subdivision-codes"/></extension></OperationOutcome></resource></entry><entry><resource><OperationOutcome><extension url="http://hl7.org/fhir/StructureDefinition/operationoutcome-file"><valueString value="C:\temp\hl7.fhir.dk.core#1.1.1\fsh-generated\resources\codesystem-dk-marital-status"/></extension><issue><extension url="http://hl7.org/fhir/StructureDefinition/operationoutcome-issue-source"><valueCode value="InstanceValidator"/></extension><extension url="http://hl7.org/fhir/StructureDefinition/operationoutcome-message-id"><valueCode value="csd-0: 'Name should be usable as an identifier for the module by machine processing applications such as code generation' Rule 'Name should be usable as an identifier for the module by machine processing applications such as code generation' Failed"/></extension><severity value="warning"/><code value="invariant"/><details><text value="csd-0: 'Name should be usable as an identifier for the module by machine processing applications such as code generation' Rule 'Name should be usable as an identifier for the module by machine processing applications such as code generation' Failed"/></details><expression value="CodeSystem/dk-marital-status: CodeSystem"/></issue></OperationOutcome></resource></entry><entry><resource><OperationOutcome><extension url="http://hl7.org/fhir/StructureDefinition/operationoutcome-file"><valueString value="C:\temp\hl7.fhir.dk.core#1.1.1\fsh-generated\resources\namingsystem-cpr"/></extension></OperationOutcome></resource></entry><entry><resource><OperationOutcome><extension url="http://hl7.org/fhir/StructureDefinition/operationoutcome-file"><valueString value="C:\temp\hl7.fhir.dk.core#1.1.1\fsh-generated\resources\namingsystem-sor"/></extension></OperationOutcome></resource></entry><entry><resource><OperationOutcome><extension url="http://hl7.org/fhir/StructureDefinition/operationoutcome-file"><valueString value="C:\temp\hl7.fhir.dk.core#1.1.1\fsh-generated\resources\organization-CenterForDiabetes"/></extension></OperationOutcome></resource></entry><entry><resource><OperationOutcome><extension url="http://hl7.org/fhir/StructureDefinition/operationoutcome-file"><valueString value="C:\temp\hl7.fhir.dk.core#1.1.1\fsh-generated\resources\organization-CenterForDiabetesTeamDiabetes"/></extension></OperationOutcome></resource></entry><entry><resource><OperationOutcome><extension url="http://hl7.org/fhir/StructureDefinition/operationoutcome-file"><valueString value="C:\temp\hl7.fhir.dk.core#1.1.1\fsh-generated\resources\organization-CenterForDiabetesTeamHjerte"/></extension></OperationOutcome></resource></entry><entry><resource><OperationOutcome><extension url="http://hl7.org/fhir/StructureDefinition/operationoutcome-file"><valueString value="C:\temp\hl7.fhir.dk.core#1.1.1\fsh-generated\resources\organization-CenterForDiabetesTeamKvalitet"/></extension></OperationOutcome></resource></entry><entry><resource><OperationOutcome><extension url="http://hl7.org/fhir/StructureDefinition/operationoutcome-file"><valueString value="C:\temp\hl7.fhir.dk.core#1.1.1\fsh-generated\resources\organization-b08997bb-4476-4dd0-84dd-2e297f809364"/></extension></OperationOutcome></resource></entry><entry><resource><OperationOutcome><extension url="http://hl7.org/fhir/StructureDefinition/operationoutcome-file"><valueString value="C:\temp\hl7.fhir.dk.core#1.1.1\fsh-generated\resources\patient-283"/></extension></OperationOutcome></resource></entry><entry><resource><OperationOutcome><extension url="http://hl7.org/fhir/StructureDefinition/operationoutcome-file"><valueString value="C:\temp\hl7.fhir.dk.core#1.1.1\fsh-generated\resources\patient-Confidential"/></extension></OperationOutcome></resource></entry><entry><resource><OperationOutcome><extension url="http://hl7.org/fhir/StructureDefinition/operationoutcome-file"><valueString value="C:\temp\hl7.fhir.dk.core#1.1.1\fsh-generated\resources\patient-john"/></extension><issue><extension url="http://hl7.org/fhir/StructureDefinition/operationoutcome-issue-line"><valueInteger value="27"/></extension><extension url="http://hl7.org/fhir/StructureDefinition/operationoutcome-issue-col"><valueInteger value="6"/></extension><extension url="http://hl7.org/fhir/StructureDefinition/operationoutcome-issue-source"><valueCode value="InstanceValidator"/></extension><severity value="information"/><code value="informational"/><details><text value="This element does not match any known slice defined in the profile http://hl7.dk/fhir/core/StructureDefinition/dk-core-patient"/></details><expression value="Patient/john: Patient.name[1]"/></issue></OperationOutcome></resource></entry><entry><resource><OperationOutcome><extension url="http://hl7.org/fhir/StructureDefinition/operationoutcome-file"><valueString value="C:\temp\hl7.fhir.dk.core#1.1.1\fsh-generated\resources\patient-mogensen"/></extension></OperationOutcome></resource></entry><entry><resource><OperationOutcome><extension url="http://hl7.org/fhir/StructureDefinition/operationoutcome-file"><valueString value="C:\temp\hl7.fhir.dk.core#1.1.1\fsh-generated\resources\patient-ukendt"/></extension><issue><extension url="http://hl7.org/fhir/StructureDefinition/operationoutcome-issue-line"><valueInteger value="10"/></extension><extension url="http://hl7.org/fhir/StructureDefinition/operationoutcome-issue-col"><valueInteger value="6"/></extension><extension url="http://hl7.org/fhir/StructureDefinition/operationoutcome-issue-source"><valueCode value="InstanceValidator"/></extension><severity value="information"/><code value="informational"/><details><text value="This element does not match any known slice defined in the profile http://hl7.dk/fhir/core/StructureDefinition/dk-core-patient"/></details><expression value="Patient/ukendt: Patient.identifier[0]"/></issue><issue><extension url="http://hl7.org/fhir/StructureDefinition/operationoutcome-issue-line"><valueInteger value="16"/></extension><extension url="http://hl7.org/fhir/StructureDefinition/operationoutcome-issue-col"><valueInteger value="6"/></extension><extension url="http://hl7.org/fhir/StructureDefinition/operationoutcome-issue-source"><valueCode value="InstanceValidator"/></extension><severity value="information"/><code value="informational"/><details><text value="This element does not match any known slice defined in the profile http://hl7.dk/fhir/core/StructureDefinition/dk-core-patient"/></details><expression value="Patient/ukendt: Patient.name[0]"/></issue></OperationOutcome></resource></entry><entry><resource><OperationOutcome><extension url="http://hl7.org/fhir/StructureDefinition/operationoutcome-file"><valueString value="C:\temp\hl7.fhir.dk.core#1.1.1\fsh-generated\resources\practitioner-AbrahamLaege"/></extension></OperationOutcome></resource></entry><entry><resource><OperationOutcome><extension url="http://hl7.org/fhir/StructureDefinition/operationoutcome-file"><valueString value="C:\temp\hl7.fhir.dk.core#1.1.1\fsh-generated\resources\practitioner-HanneSocialraadgiver"/></extension><issue><extension url="http://hl7.org/fhir/StructureDefinition/operationoutcome-issue-line"><valueInteger value="18"/></extension><extension url="http://hl7.org/fhir/StructureDefinition/operationoutcome-issue-col"><valueInteger value="6"/></extension><extension url="http://hl7.org/fhir/StructureDefinition/operationoutcome-issue-source"><valueCode value="InstanceValidator"/></extension><severity value="information"/><code value="informational"/><details><text value="This element does not match any known slice defined in the profile http://hl7.dk/fhir/core/StructureDefinition/dk-core-practitioner"/></details><expression value="Practitioner/HanneSocialraadgiver: Practitioner.qualification[0]"/></issue></OperationOutcome></resource></entry><entry><resource><OperationOutcome><extension url="http://hl7.org/fhir/StructureDefinition/operationoutcome-file"><valueString value="C:\temp\hl7.fhir.dk.core#1.1.1\fsh-generated\resources\structuredefinition-dk-core-RegionalSubDivisionCodes"/></extension></OperationOutcome></resource></entry><entry><resource><OperationOutcome><extension url="http://hl7.org/fhir/StructureDefinition/operationoutcome-file"><valueString value="C:\temp\hl7.fhir.dk.core#1.1.1\fsh-generated\resources\structuredefinition-dk-core-authorization-identifier"/></extension></OperationOutcome></resource></entry><entry><resource><OperationOutcome><extension url="http://hl7.org/fhir/StructureDefinition/operationoutcome-file"><valueString value="C:\temp\hl7.fhir.dk.core#1.1.1\fsh-generated\resources\structuredefinition-dk-core-cpr-identifier"/></extension></OperationOutcome></resource></entry><entry><resource><OperationOutcome><extension url="http://hl7.org/fhir/StructureDefinition/operationoutcome-file"><valueString value="C:\temp\hl7.fhir.dk.core#1.1.1\fsh-generated\resources\structuredefinition-dk-core-cvr-identifier"/></extension></OperationOutcome></resource></entry><entry><resource><OperationOutcome><extension url="http://hl7.org/fhir/StructureDefinition/operationoutcome-file"><valueString value="C:\temp\hl7.fhir.dk.core#1.1.1\fsh-generated\resources\structuredefinition-dk-core-gln-identifier"/></extension></OperationOutcome></resource></entry><entry><resource><OperationOutcome><extension url="http://hl7.org/fhir/StructureDefinition/operationoutcome-file"><valueString value="C:\temp\hl7.fhir.dk.core#1.1.1\fsh-generated\resources\structuredefinition-dk-core-kombit-org-identifier"/></extension></OperationOutcome></resource></entry><entry><resource><OperationOutcome><extension url="http://hl7.org/fhir/StructureDefinition/operationoutcome-file"><valueString value="C:\temp\hl7.fhir.dk.core#1.1.1\fsh-generated\resources\structuredefinition-dk-core-municipalityCodes"/></extension></OperationOutcome></resource></entry><entry><resource><OperationOutcome><extension url="http://hl7.org/fhir/StructureDefinition/operationoutcome-file"><valueString value="C:\temp\hl7.fhir.dk.core#1.1.1\fsh-generated\resources\structuredefinition-dk-core-organization"/></extension></OperationOutcome></resource></entry><entry><resource><OperationOutcome><extension url="http://hl7.org/fhir/StructureDefinition/operationoutcome-file"><valueString value="C:\temp\hl7.fhir.dk.core#1.1.1\fsh-generated\resources\structuredefinition-dk-core-patient"/></extension></OperationOutcome></resource></entry><entry><resource><OperationOutcome><extension url="http://hl7.org/fhir/StructureDefinition/operationoutcome-file"><valueString value="C:\temp\hl7.fhir.dk.core#1.1.1\fsh-generated\resources\structuredefinition-dk-core-practitioner"/></extension></OperationOutcome></resource></entry><entry><resource><OperationOutcome><extension url="http://hl7.org/fhir/StructureDefinition/operationoutcome-file"><valueString value="C:\temp\hl7.fhir.dk.core#1.1.1\fsh-generated\resources\structuredefinition-dk-core-sor-identifier"/></extension></OperationOutcome></resource></entry><entry><resource><OperationOutcome><extension url="http://hl7.org/fhir/StructureDefinition/operationoutcome-file"><valueString value="C:\temp\hl7.fhir.dk.core#1.1.1\fsh-generated\resources\structuredefinition-lpr3-Identifier"/></extension><issue><extension url="http://hl7.org/fhir/StructureDefinition/operationoutcome-issue-source"><valueCode value="Publisher"/></extension><severity value="warning"/><code value="business-rule"/><details><text value="The Implementation Guide contains no examples for this data type profile"/></details><expression value="StructureDefinition.where(url = 'http://hl7.dk/fhir/core/StructureDefinition/lpr3-Identifier')"/></issue></OperationOutcome></resource></entry><entry><resource><OperationOutcome><extension url="http://hl7.org/fhir/StructureDefinition/operationoutcome-file"><valueString value="C:\temp\hl7.fhir.dk.core#1.1.1\fsh-generated\resources\valueset-DkCoreProfessionGroupValueSet"/></extension></OperationOutcome></resource></entry><entry><resource><OperationOutcome><extension url="http://hl7.org/fhir/StructureDefinition/operationoutcome-file"><valueString value="C:\temp\hl7.fhir.dk.core#1.1.1\fsh-generated\resources\valueset-dk-core-MunicipalityCodes"/></extension></OperationOutcome></resource></entry><entry><resource><OperationOutcome><extension url="http://hl7.org/fhir/StructureDefinition/operationoutcome-file"><valueString value="C:\temp\hl7.fhir.dk.core#1.1.1\fsh-generated\resources\valueset-dk-core-RegionalSubDivisionCodes"/></extension></OperationOutcome></resource></entry><entry><resource><OperationOutcome><extension url="http://hl7.org/fhir/StructureDefinition/operationoutcome-file"><valueString value="C:\temp\hl7.fhir.dk.core#1.1.1\fsh-generated\resources\valueset-dk-core-cpr-identifier-system"/></extension></OperationOutcome></resource></entry><entry><resource><OperationOutcome><extension url="http://hl7.org/fhir/StructureDefinition/operationoutcome-file"><valueString value="C:\temp\hl7.fhir.dk.core#1.1.1\fsh-generated\resources\valueset-dk-marital-status"/></extension><issue><extension url="http://hl7.org/fhir/StructureDefinition/operationoutcome-issue-source"><valueCode value="InstanceValidator"/></extension><extension url="http://hl7.org/fhir/StructureDefinition/operationoutcome-message-id"><valueCode value="vsd-0: 'Name should be usable as an identifier for the module by machine processing applications such as code generation' Rule 'Name should be usable as an identifier for the module by machine processing applications such as code generation' Failed"/></extension><severity value="warning"/><code value="invariant"/><details><text value="vsd-0: 'Name should be usable as an identifier for the module by machine processing applications such as code generation' Rule 'Name should be usable as an identifier for the module by machine processing applications such as code generation' Failed"/></details><expression value="ValueSet/dk-marital-status: ValueSet"/></issue></OperationOutcome></resource></entry><entry><resource><OperationOutcome><extension url="http://hl7.org/fhir/StructureDefinition/operationoutcome-file"><valueString value="c:\temp\hl7.fhir.dk.core#1.1.1\fsh-generated\resources\ImplementationGuide-core"/></extension></OperationOutcome></resource></entry><entry><resource><OperationOutcome><extension url="http://hl7.org/fhir/StructureDefinition/operationoutcome-file"><valueString value="c:\temp\hl7.fhir.dk.core#1.1.1\input\resources\address-type-dk-supplement"/></extension></OperationOutcome></resource></entry><entry><resource><OperationOutcome><extension url="http://hl7.org/fhir/StructureDefinition/operationoutcome-file"><valueString value="c:\temp\hl7.fhir.dk.core#1.1.1\input\resources\address-use-dk-supplement"/></extension></OperationOutcome></resource></entry><entry><resource><OperationOutcome><extension url="http://hl7.org/fhir/StructureDefinition/operationoutcome-file"><valueString value="c:\temp\hl7.fhir.dk.core#1.1.1\input\resources\care-team-status-dk-supplement"/></extension></OperationOutcome></resource></entry><entry><resource><OperationOutcome><extension url="http://hl7.org/fhir/StructureDefinition/operationoutcome-file"><valueString value="c:\temp\hl7.fhir.dk.core#1.1.1\input\resources\consent-state-codes-dk-supplement"/></extension></OperationOutcome></resource></entry><entry><resource><OperationOutcome><extension url="http://hl7.org/fhir/StructureDefinition/operationoutcome-file"><valueString value="c:\temp\hl7.fhir.dk.core#1.1.1\input\resources\days-of-week-dk-supplement"/></extension></OperationOutcome></resource></entry><entry><resource><OperationOutcome><extension url="http://hl7.org/fhir/StructureDefinition/operationoutcome-file"><valueString value="c:\temp\hl7.fhir.dk.core#1.1.1\input\resources\episode-of-care-status-dk-supplement"/></extension></OperationOutcome></resource></entry><entry><resource><OperationOutcome><extension url="http://hl7.org/fhir/StructureDefinition/operationoutcome-file"><valueString value="c:\temp\hl7.fhir.dk.core#1.1.1\input\resources\publication-status-dk-supplement"/></extension></OperationOutcome></resource></entry><entry><resource><OperationOutcome><extension url="http://hl7.org/fhir/StructureDefinition/operationoutcome-file"><valueString value="c:\temp\hl7.fhir.dk.core#1.1.1\input\resources\request-status-dk-supplement"/></extension></OperationOutcome></resource></entry><entry><resource><OperationOutcome><extension url="http://hl7.org/fhir/StructureDefinition/operationoutcome-file"><valueString value="c:\temp\hl7.fhir.dk.core#1.1.1\input\resources\sor-organization-type"/></extension></OperationOutcome></resource></entry></Bundle>