<!--DO NOT EDIT THIS FILE - It is generated and any changes made will be overwritten--><div xmlns:html="http://www.w3.org/1999/xhtml"
     xmlns="http://www.w3.org/1999/xhtml"
     xmlns:f="http://hl7.org/fhir"
     class="markdown-toc">
   <p>Contents:</p>
   <ul>
      <li>
         <a href="#1">Structures: Logical Models</a>
      </li>
      <li>
         <a href="#2">Structures: Resource Profiles</a>
      </li>
      <li>
         <a href="#3">Terminology: Value Sets</a>
      </li>
      <li>
         <a href="#4">Example: Example Instances</a>
      </li>
   </ul>
</div>
<div xmlns:html="http://www.w3.org/1999/xhtml"
     xmlns="http://www.w3.org/1999/xhtml"
     xmlns:f="http://hl7.org/fhir">
   <p>This page provides a list of the FHIR artifacts defined as part of this implementation guide.</p>
   <a name="1"> </a>
   <h3>Structures: Logical Models </h3>
   <p>{% capture grouping_desc %}These define data models that represent the domain covered by this implementation guide in more business-friendly terms than the underlying FHIR resources.{% endcapture %}
    {{ grouping_desc | markdownify}}</p>
   <p>
      <table class="grid">
         <col style="width:20%"/>
         <tbody>
            <tr>
               <td style="column-width:30%">
                  <a href="StructureDefinition-FoodAllergyModel.html"
                     title="StructureDefinition/FoodAllergyModel">Food Allergy Logical Model</a>
               </td>
               <td>{% capture desc %}Food Allergy information model{% endcapture %}
{{ desc | markdownify}}</td>
            </tr>
         </tbody>
      </table>
   </p>
   <a name="2"> </a>
   <h3>Structures: Resource Profiles </h3>
   <p>{% capture grouping_desc %}These define constraints on FHIR resources for systems conforming to this implementation guide{% endcapture %}
    {{ grouping_desc | markdownify}}</p>
   <p>
      <table class="grid">
         <col style="width:20%"/>
         <tbody>
            <tr>
               <td style="column-width:30%">
                  <a href="StructureDefinition-FoodAllergy.html"
                     title="StructureDefinition/FoodAllergy">Food Allergy</a>
               </td>
               <td>{% capture desc %}Food Allergy profile{% endcapture %}
{{ desc | markdownify}}</td>
            </tr>
         </tbody>
      </table>
   </p>
   <a name="3"> </a>
   <h3>Terminology: Value Sets </h3>
   <p>{% capture grouping_desc %}These define sets of codes used by systems conforming to this implementation guide{% endcapture %}
    {{ grouping_desc | markdownify}}</p>
   <p>
      <table class="grid">
         <col style="width:20%"/>
         <tbody>
            <tr>
               <td style="column-width:30%">
                  <a href="ValueSet-FoodAllergyVS.html" title="ValueSet/FoodAllergyVS">Food Allergies</a>
               </td>
               <td>{% capture desc %}Main Food allergies.{% endcapture %}
{{ desc | markdownify}}</td>
            </tr>
         </tbody>
      </table>
   </p>
   <a name="4"> </a>
   <h3>Example: Example Instances </h3>
   <p>{% capture grouping_desc %}These are example instances that show what data produced and consumed by systems conforming with this implementation guide might look like{% endcapture %}
    {{ grouping_desc | markdownify}}</p>
   <p>
      <table class="grid">
         <col style="width:20%"/>
         <tbody>
            <tr>
               <td style="column-width:30%">
                  <a href="ActorDefinition-Actor1.html" title="ActorDefinition/Actor1">Actor1</a>
               </td>
               <td>{% capture desc %}Actor description text here
and here
* option 1
* option 2{% endcapture %}
{{ desc | markdownify}}</td>
            </tr>
            <tr>
               <td style="column-width:30%">
                  <a href="AllergyIntolerance-MyPeanutAllergy.html"
                     title="AllergyIntolerance/MyPeanutAllergy">PeanutAllergy</a>
               </td>
               <td>{% capture desc %}{% endcapture %}
{{ desc | markdownify}}</td>
            </tr>
            <tr>
               <td style="column-width:30%">
                  <a href="Requirements-Requirements1.html"
                     title="Requirements/Requirements1">Requirements1</a>
               </td>
               <td>{% capture desc %}The requirements
* functional (these)
* technical (not here)
* others (where?){% endcapture %}
{{ desc | markdownify}}</td>
            </tr>
         </tbody>
      </table>
   </p>
</div>
