{
  "resourceType": "Organization",
  "id": "CenterForDiabetesTeamDiabetes",
  "meta": {
    "profile": [
      "http://hl7.dk/fhir/core/StructureDefinition/dk-core-organization"
    ]
  },
  "identifier": [
    {
      "system": "urn:oid:1.2.208.176.1.1",
      "value": "1133181000016000"
    },
    {
      "system": "http://cvr.dk",
      "value": "64942212"
    }
  ],
  "type": [
    {
      "coding": [
        {
          "code": "264361005",
          "system": "http://snomed.info/sct"
        }
      ]
    }
  ],
  "partOf": {
    "reference": "Organization/CenterForDiabetes"
  }
}
