{
  "resourceType": "Patient",
  "id": "mogensen",
  "meta": {
    "profile": [
      "http://hl7.dk/fhir/core/StructureDefinition/dk-core-patient"
    ]
  },
  "identifier": [
    {
      "system": "urn:oid:1.2.208.176.1.2",
      "value": "1112640001"
    }
  ],
  "name": [
    {
      "use": "official",
      "family": "Mogensen",
      "given": [
        "Jan"
      ],
      "prefix": [
        "Mr"
      ]
    }
  ],
  "gender": "male",
  "birthDate": "1964-12-11",
  "maritalStatus": {
    "coding": [
      {
        "code": "P",
        "system": "http://hl7.dk/fhir/core/CodeSystem/dk-marital-status",
        "display": "Registreret partnerskab"
      }
    ]
  }
}
