{
  "resourceType": "StructureDefinition",
  "id": "dk-core-patient",
  "extension": [
    {
      "url": "http://hl7.org/fhir/StructureDefinition/structuredefinition-category",
      "valueString": "Base.Individuals"
    },
    {
      "url": "http://hl7.org/fhir/StructureDefinition/structuredefinition-security-category",
      "valueCode": "patient"
    }
  ],
  "url": "http://hl7.dk/fhir/core/StructureDefinition/dk-core-patient",
  "version": "0.9.0",
  "name": "DkCorePatient",
  "title": "Danish Core Patient Profile",
  "status": "active",
  "date": "2020-02-04",
  "publisher": "HL7 Denmark",
  "contact": [
    {
      "name": "HL7 Denmark",
      "telecom": [
        {
          "system": "url",
          "value": "https://www.hl7.dk/"
        }
      ]
    }
  ],
  "description": "HL7 Denmark core profile for a patient",
  "jurisdiction": [
    {
      "coding": [
        {
          "code": "DK",
          "system": "urn:iso:std:iso:3166"
        }
      ]
    }
  ],
  "copyright": "CC-BY-SA-4.0",
  "fhirVersion": "4.0.1",
  "mapping": [
    {
      "identity": "rim",
      "uri": "http://hl7.org/v3",
      "name": "RIM Mapping"
    },
    {
      "identity": "cda",
      "uri": "http://hl7.org/v3/cda",
      "name": "CDA (R2)"
    },
    {
      "identity": "w5",
      "uri": "http://hl7.org/fhir/fivews",
      "name": "FiveWs Pattern Mapping"
    },
    {
      "identity": "v2",
      "uri": "http://hl7.org/v2",
      "name": "HL7 v2 Mapping"
    },
    {
      "identity": "loinc",
      "uri": "http://loinc.org",
      "name": "LOINC code for the element"
    }
  ],
  "kind": "resource",
  "abstract": false,
  "type": "Patient",
  "baseDefinition": "http://hl7.org/fhir/StructureDefinition/Patient",
  "derivation": "constraint",
  "differential": {
    "element": [
      {
        "id": "Patient",
        "path": "Patient",
        "constraint": [
          {
            "key": "marital-status-unknown-usage",
            "severity": "warning",
            "human": "Status in maritalStatus is unknown in a danish context. Consider mapping the value to UNK",
            "expression": "maritalStatus.coding.where(code = 'P' and system = 'http://terminology.hl7.org/CodeSystem/v3-MaritalStatus').empty() or maritalStatus.coding.where(code = 'A' and system = 'http://terminology.hl7.org/CodeSystem/v3-MaritalStatus').empty()",
            "source": "https://cpr.dk/borgere/hvad-staar-der-om-mig-i-cpr-registerindsigt/hvad-og-hvem-er-registreret-i-cpr-og-hvem-opdaterer-oplysninger-om-dig-i-cpr/",
            "requirements": "Marital status is legally unknown in Denmark"
          }
        ]
      },
      {
        "id": "Patient.identifier",
        "path": "Patient.identifier",
        "slicing": {
          "discriminator": [
            {
              "type": "value",
              "path": "system"
            }
          ],
          "rules": "open"
        },
        "min": 1,
        "mustSupport": true
      },
      {
        "id": "Patient.identifier:cpr",
        "path": "Patient.identifier",
        "sliceName": "cpr",
        "min": 0,
        "max": "1",
        "type": [
          {
            "code": "Identifier",
            "profile": [
              "http://hl7.dk/fhir/core/StructureDefinition/dk-core-cpr-identifier"
            ]
          }
        ]
      },
      {
        "id": "Patient.name",
        "path": "Patient.name",
        "slicing": {
          "discriminator": [
            {
              "type": "value",
              "path": "use"
            }
          ],
          "rules": "open"
        },
        "mustSupport": true
      },
      {
        "id": "Patient.name:official",
        "path": "Patient.name",
        "sliceName": "official",
        "min": 0,
        "max": "1"
      },
      {
        "id": "Patient.name:official.use",
        "path": "Patient.name.use",
        "min": 1,
        "fixedCode": "official"
      },
      {
        "id": "Patient.name:official.family",
        "path": "Patient.name.family",
        "min": 1
      },
      {
        "id": "Patient.address",
        "path": "Patient.address",
        "definition": "An address for the individual. Danish addresses must comply with directions issued by https://dawa.aws.dk/ and underlying authorities"
      },
      {
        "id": "Patient.address.extension:municipalityCode",
        "path": "Patient.address.extension",
        "sliceName": "municipalityCode",
        "min": 0,
        "max": "*",
        "type": [
          {
            "code": "Extension",
            "profile": [
              "http://hl7.dk/fhir/core/StructureDefinition/dk-core-municipalityCodes"
            ]
          }
        ]
      },
      {
        "id": "Patient.address.extension:regionalSubDivisionCodes",
        "path": "Patient.address.extension",
        "sliceName": "regionalSubDivisionCodes",
        "min": 0,
        "max": "*",
        "type": [
          {
            "code": "Extension",
            "profile": [
              "http://hl7.dk/fhir/core/StructureDefinition/dk-core-RegionalSubDivisionCodes"
            ]
          }
        ]
      },
      {
        "id": "Patient.maritalStatus",
        "path": "Patient.maritalStatus",
        "binding": {
          "strength": "extensible",
          "valueSet": "http://hl7.dk/fhir/core/ValueSet/dk-marital-status"
        }
      },
      {
        "id": "Patient.generalPractitioner",
        "path": "Patient.generalPractitioner",
        "slicing": {
          "discriminator": [
            {
              "type": "value",
              "path": "identifier.system"
            }
          ],
          "rules": "open"
        }
      },
      {
        "id": "Patient.generalPractitioner:referencedSORUnit",
        "path": "Patient.generalPractitioner",
        "sliceName": "referencedSORUnit",
        "min": 0,
        "max": "*"
      },
      {
        "id": "Patient.generalPractitioner:referencedSORUnit.identifier",
        "path": "Patient.generalPractitioner.identifier",
        "type": [
          {
            "code": "Identifier",
            "profile": [
              "http://hl7.dk/fhir/core/StructureDefinition/dk-core-sor-identifier"
            ]
          }
        ]
      }
    ]
  }
}
