{
  "resourceType": "StructureDefinition",
  "id": "dk-core-kombit-org-identifier",
  "url": "http://hl7.dk/fhir/core/StructureDefinition/dk-core-kombit-org-identifier",
  "version": "1.1.1",
  "name": "KombitOrgIdentifier",
  "title": "Kombit Org Identifier",
  "status": "draft",
  "description": "Identifier holding the organization code issued by KOMBIT",
  "fhirVersion": "4.0.1",
  "mapping": [
    {
      "identity": "v2",
      "uri": "http://hl7.org/v2",
      "name": "HL7 v2 Mapping"
    },
    {
      "identity": "rim",
      "uri": "http://hl7.org/v3",
      "name": "RIM Mapping"
    },
    {
      "identity": "servd",
      "uri": "http://www.omg.org/spec/ServD/1.0/",
      "name": "ServD"
    }
  ],
  "kind": "complex-type",
  "abstract": false,
  "type": "Identifier",
  "baseDefinition": "http://hl7.org/fhir/StructureDefinition/Identifier",
  "derivation": "constraint",
  "differential": {
    "element": [
      {
        "id": "Identifier.use",
        "path": "Identifier.use",
        "fixedCode": "official"
      },
      {
        "id": "Identifier.system",
        "path": "Identifier.system",
        "min": 1,
        "fixedUri": "https://kombit.dk/sts/organisation"
      },
      {
        "id": "Identifier.value",
        "path": "Identifier.value",
        "min": 1,
        "constraint": [
          {
            "key": "uuid",
            "severity": "error",
            "human": "General UUID expression",
            "expression": "value.matches('urn:uuid:[0-9a-f]{8}-[0-9a-f]{4}-[0-9a-f]{4}-[0-9a-f]{4}-[0-9a-f]{12}')",
            "source": "http://hl7.dk/fhir/core/StructureDefinition/dk-core-kombit-org-identifier"
          }
        ]
      }
    ]
  }
}
