{
  "resourceType": "StructureDefinition",
  "id": "dk-core-gln-identifier",
  "url": "http://hl7.dk/fhir/core/StructureDefinition/dk-core-gln-identifier",
  "version": "1.1.1",
  "name": "GLNIdentifier",
  "title": "GLN Identifier",
  "status": "draft",
  "description": "Identifier holding a 13 digit GLN",
  "fhirVersion": "4.0.1",
  "mapping": [
    {
      "identity": "v2",
      "uri": "http://hl7.org/v2",
      "name": "HL7 v2 Mapping"
    },
    {
      "identity": "rim",
      "uri": "http://hl7.org/v3",
      "name": "RIM Mapping"
    },
    {
      "identity": "servd",
      "uri": "http://www.omg.org/spec/ServD/1.0/",
      "name": "ServD"
    }
  ],
  "kind": "complex-type",
  "abstract": false,
  "type": "Identifier",
  "baseDefinition": "http://hl7.org/fhir/StructureDefinition/Identifier",
  "derivation": "constraint",
  "differential": {
    "element": [
      {
        "id": "Identifier.use",
        "path": "Identifier.use",
        "fixedCode": "official"
      },
      {
        "id": "Identifier.system",
        "path": "Identifier.system",
        "min": 1,
        "fixedUri": "https://www.gs1.org/gln"
      },
      {
        "id": "Identifier.value",
        "path": "Identifier.value",
        "min": 1,
        "constraint": [
          {
            "key": "gln-length",
            "severity": "error",
            "human": "GLN must be exactly 13 characters long",
            "expression": "value.matches('^[0-9]{13}$')",
            "source": "http://hl7.dk/fhir/core/StructureDefinition/dk-core-gln-identifier"
          },
          {
            "key": "gln-modulus-10",
            "severity": "error",
            "human": "GLN must pass the modulus 10 check - https://www.gs1.org/services/how-calculate-check-digit-manually",
            "expression": "((\r\n    (value.substring(0,1).toInteger()*1)+\r\n    (value.substring(1,1).toInteger()*3)+\r\n    (value.substring(2,1).toInteger()*1)+\r\n    (value.substring(3,1).toInteger()*3)+\r\n    (value.substring(4,1).toInteger()*1)+\r\n    (value.substring(5,1).toInteger()*3)+\r\n    (value.substring(6,1).toInteger()*1)+\r\n    (value.substring(7,1).toInteger()*3)+\r\n    (value.substring(8,1).toInteger()*1)+\r\n    (value.substring(9,1).toInteger()*3)+\r\n    (value.substring(10,1).toInteger()*1)+\r\n    (value.substring(11,1).toInteger()*3)\r\n    ) mod(10)+value.substring(12,1).toInteger()=10)",
            "source": "http://hl7.dk/fhir/core/StructureDefinition/dk-core-gln-identifier"
          }
        ]
      }
    ]
  }
}
