{
  "resourceType": "StructureDefinition",
  "id": "dk-core-organization",
  "extension": [
    {
      "url": "http://hl7.org/fhir/StructureDefinition/structuredefinition-category",
      "valueString": "Base.Entities"
    },
    {
      "url": "http://hl7.org/fhir/StructureDefinition/structuredefinition-security-category",
      "valueCode": "business"
    }
  ],
  "url": "http://hl7.dk/fhir/core/StructureDefinition/dk-core-organization",
  "version": "1.1.1",
  "name": "DkCoreOrganization",
  "title": "Danish Core Organization Profile",
  "status": "draft",
  "description": "HL7 Denmark core profile for a danish health organization",
  "fhirVersion": "4.0.1",
  "mapping": [
    {
      "identity": "v2",
      "uri": "http://hl7.org/v2",
      "name": "HL7 v2 Mapping"
    },
    {
      "identity": "rim",
      "uri": "http://hl7.org/v3",
      "name": "RIM Mapping"
    },
    {
      "identity": "servd",
      "uri": "http://www.omg.org/spec/ServD/1.0/",
      "name": "ServD"
    },
    {
      "identity": "w5",
      "uri": "http://hl7.org/fhir/fivews",
      "name": "FiveWs Pattern Mapping"
    }
  ],
  "kind": "resource",
  "abstract": false,
  "type": "Organization",
  "baseDefinition": "http://hl7.org/fhir/StructureDefinition/Organization",
  "derivation": "constraint",
  "differential": {
    "element": [
      {
        "id": "Organization",
        "path": "Organization",
        "constraint": [
          {
            "key": "dk-core-organization-mandatory-identifier",
            "severity": "error",
            "human": "Minimum one identifier shall be of type SOR-ID, KOMBIT-ORG-ID or CVR-ID",
            "expression": "identifier.where(system='urn:oid:1.2.208.176.1.1' or system='https://kombit.dk/sts/organisation' or system='urn:oid:2.16.840.1.113883.2.24.1.1').exists()",
            "source": "http://hl7.dk/fhir/core/StructureDefinition/dk-core-organization"
          }
        ]
      },
      {
        "id": "Organization.identifier",
        "path": "Organization.identifier",
        "slicing": {
          "discriminator": [
            {
              "type": "value",
              "path": "system"
            }
          ],
          "rules": "open"
        },
        "min": 1
      },
      {
        "id": "Organization.identifier:EAN-ID",
        "path": "Organization.identifier",
        "sliceName": "EAN-ID",
        "min": 0,
        "max": "1",
        "type": [
          {
            "code": "Identifier",
            "profile": [
              "http://hl7.dk/fhir/core/StructureDefinition/dk-core-gln-identifier"
            ]
          }
        ]
      },
      {
        "id": "Organization.identifier:SOR-ID",
        "path": "Organization.identifier",
        "sliceName": "SOR-ID",
        "min": 0,
        "max": "1",
        "type": [
          {
            "code": "Identifier",
            "profile": [
              "http://hl7.dk/fhir/core/StructureDefinition/dk-core-sor-identifier"
            ]
          }
        ]
      },
      {
        "id": "Organization.identifier:KOMBIT-ORG-ID",
        "path": "Organization.identifier",
        "sliceName": "KOMBIT-ORG-ID",
        "min": 0,
        "max": "1",
        "type": [
          {
            "code": "Identifier",
            "profile": [
              "http://hl7.dk/fhir/core/StructureDefinition/dk-core-kombit-org-identifier"
            ]
          }
        ]
      },
      {
        "id": "Organization.identifier:Ydernummer",
        "path": "Organization.identifier",
        "sliceName": "Ydernummer",
        "min": 0,
        "max": "1"
      },
      {
        "id": "Organization.identifier:Ydernummer.system",
        "path": "Organization.identifier.system",
        "min": 1,
        "fixedUri": "urn:oid:1.2.208.176.1.4"
      },
      {
        "id": "Organization.identifier:Ydernummer.value",
        "path": "Organization.identifier.value",
        "min": 1
      },
      {
        "id": "Organization.identifier:CVR-ID",
        "path": "Organization.identifier",
        "sliceName": "CVR-ID",
        "min": 0,
        "max": "1",
        "type": [
          {
            "code": "Identifier",
            "profile": [
              "http://hl7.dk/fhir/core/StructureDefinition/dk-core-cvr-identifier"
            ]
          }
        ]
      },
      {
        "id": "Organization.identifier:Kommunekode",
        "path": "Organization.identifier",
        "sliceName": "Kommunekode",
        "min": 0,
        "max": "1"
      },
      {
        "id": "Organization.identifier:Kommunekode.system",
        "path": "Organization.identifier.system",
        "min": 1,
        "fixedUri": "http://hl7.dk/fhir/core/CodeSystem/dk-core-municipality-codes"
      },
      {
        "id": "Organization.identifier:Kommunekode.value",
        "path": "Organization.identifier.value",
        "min": 1,
        "binding": {
          "strength": "required",
          "valueSet": "http://hl7.dk/fhir/core/ValueSet/dk-core-MunicipalityCodes"
        }
      },
      {
        "id": "Organization.identifier:Regionskode",
        "path": "Organization.identifier",
        "sliceName": "Regionskode",
        "min": 0,
        "max": "1"
      },
      {
        "id": "Organization.identifier:Regionskode.system",
        "path": "Organization.identifier.system",
        "min": 1,
        "fixedUri": "http://hl7.dk/fhir/core/CodeSystem/dk-core-regional-subdivision-codes"
      },
      {
        "id": "Organization.identifier:Regionskode.value",
        "path": "Organization.identifier.value",
        "min": 1
      },
      {
        "id": "Organization.type",
        "path": "Organization.type",
        "binding": {
          "strength": "required",
          "valueSet": "http://hl7.dk/fhir/core/ValueSet/sor-organization-type"
        }
      }
    ]
  }
}
