{
  "resourceType": "StructureDefinition",
  "id": "dk-core-authorization-identifier",
  "url": "http://hl7.dk/fhir/core/StructureDefinition/dk-core-authorization-identifier",
  "version": "0.9.0",
  "name": "AuthorizationIdentifier",
  "title": "Danish Health Professionals Authorization Identifier",
  "status": "draft",
  "date": "2021-03-14T16:56:07+01:00",
  "publisher": "HL7 Denmark",
  "contact": [
    {
      "name": "HL7 Denmark",
      "telecom": [
        {
          "system": "url",
          "value": "https://www.hl7.dk/"
        }
      ]
    }
  ],
  "description": "Identifier holding the official [authorization identifier](https://en.stps.dk/en/health-professionals-and-authorities/online-register-registered-health-professionals/) for a practitioner.",
  "jurisdiction": [
    {
      "coding": [
        {
          "code": "DK",
          "system": "urn:iso:std:iso:3166"
        }
      ]
    }
  ],
  "copyright": "CC-BY-SA-4.0",
  "fhirVersion": "4.0.1",
  "mapping": [
    {
      "identity": "v2",
      "uri": "http://hl7.org/v2",
      "name": "HL7 v2 Mapping"
    },
    {
      "identity": "rim",
      "uri": "http://hl7.org/v3",
      "name": "RIM Mapping"
    },
    {
      "identity": "servd",
      "uri": "http://www.omg.org/spec/ServD/1.0/",
      "name": "ServD"
    }
  ],
  "kind": "complex-type",
  "abstract": false,
  "type": "Identifier",
  "baseDefinition": "http://hl7.org/fhir/StructureDefinition/Identifier",
  "derivation": "constraint",
  "differential": {
    "element": [
      {
        "id": "Identifier.system",
        "path": "Identifier.system",
        "min": 1,
        "fixedUri": "https://autregweb.sst.dk"
      },
      {
        "id": "Identifier.value",
        "path": "Identifier.value",
        "min": 1,
        "maxLength": 5,
        "constraint": [
          {
            "key": "authorization-id-format",
            "severity": "error",
            "human": "Authorization ID consists of exactly 5 consonants and Y and or numbers in any order",
            "expression": "matches('^([b-df-hj-np-tv-zB-DF-HJ-NP-TV-Z0-9]){5}$')",
            "source": "https://stps.dk/da/autorisation/om-autorisationer/autorisations-id/"
          }
        ]
      }
    ]
  }
}
