{
  "resourceType": "StructureDefinition",
  "id": "lpr3-Identifier",
  "url": "http://hl7.dk/fhir/core/StructureDefinition/lpr3-Identifier",
  "version": "0.9.0",
  "name": "Lpr3Identifier",
  "title": "LPR3 Identifier",
  "status": "draft",
  "date": "2021-03-14T16:56:07+01:00",
  "publisher": "HL7 Denmark",
  "contact": [
    {
      "name": "HL7 Denmark",
      "telecom": [
        {
          "system": "url",
          "value": "https://www.hl7.dk/"
        }
      ]
    }
  ],
  "description": "Identifier holding a LPR3 identifier for an organization",
  "jurisdiction": [
    {
      "coding": [
        {
          "code": "DK",
          "system": "urn:iso:std:iso:3166"
        }
      ]
    }
  ],
  "copyright": "CC-BY-SA-4.0",
  "fhirVersion": "4.0.1",
  "mapping": [
    {
      "identity": "v2",
      "uri": "http://hl7.org/v2",
      "name": "HL7 v2 Mapping"
    },
    {
      "identity": "rim",
      "uri": "http://hl7.org/v3",
      "name": "RIM Mapping"
    },
    {
      "identity": "servd",
      "uri": "http://www.omg.org/spec/ServD/1.0/",
      "name": "ServD"
    }
  ],
  "kind": "complex-type",
  "abstract": false,
  "type": "Identifier",
  "baseDefinition": "http://hl7.org/fhir/StructureDefinition/Identifier",
  "derivation": "constraint",
  "differential": {
    "element": [
      {
        "id": "Identifier.system",
        "path": "Identifier.system",
        "min": 1,
        "fixedUri": "https://www.esundhed.dk/Registre/Landspatientsregisteret"
      },
      {
        "id": "Identifier.value",
        "path": "Identifier.value",
        "min": 1,
        "constraint": [
          {
            "key": "uuidv5",
            "severity": "error",
            "human": "LPR3 episode of care identifiers must conform to a UUIDv5",
            "expression": "value.matches('urn:uuid:[a-fA-F0-9]{8}-[a-fA-F0-9]{4}-[5][a-fA-F0-9]{3}-[89aAbB][a-fA-F0-9]{3}-[a-fA-F0-9]{12}')",
            "source": "https://scandihealth.github.io/lpr3-docs/",
            "requirements": "LPR3 episode of care identifiers must conform to a UUIDv5"
          }
        ]
      }
    ]
  }
}
