{
  "resourceType": "ValueSet",
  "status": "draft",
  "name": "RegionalSubdivisionCodes",
  "id": "dk-core-RegionalSubDivisionCodes",
  "description": "Subdivision codes (Regional codes) used in Denmark",
  "version": "0.9.0",
  "url": "http://hl7.dk/fhir/core/ValueSet/dk-core-RegionalSubDivisionCodes",
  "experimental": true,
  "date": "2019-02-02",
  "publisher": "HL7 Denmark",
  "contact": [
    {
      "name": "HL7 Denmark",
      "telecom": [
        {
          "system": "url",
          "value": "https://www.hl7.dk/"
        }
      ]
    }
  ],
  "jurisdiction": [
    {
      "coding": [
        {
          "code": "DK",
          "system": "urn:iso:std:iso:3166"
        }
      ]
    }
  ],
  "copyright": "CC-BY-SA-4.0",
  "compose": {
    "include": [
      {
        "system": "http://hl7.dk/fhir/core/CodeSystem/dk-core-regional-subdivision-codes"
      }
    ]
  }
}
