<?xml version="1.0" encoding="UTF-8"?>

<Patient xmlns="http://hl7.org/fhir">
  <id value="ukendt"/>
  <meta>
    <profile value="http://hl7.dk/fhir/core/StructureDefinition/dk-core-patient"/>
  </meta>
  <text>
    <status value="generated"/><div xmlns="http://www.w3.org/1999/xhtml"><p><b>Anders Ukendt (TEMP)</b> male, DoB: 1983-06-07 ( id: 0706830VJ9)</p></div>
  </text>
  <identifier>
    <system value="http://rn.dk"/>
    <value value="0706830VJ9"/>
  </identifier>
  <name>
    <use value="temp"/>
    <family value="Ukendt"/>
    <given value="Anders"/>
  </name>
  <gender value="male"/>
  <birthDate value="1983-06-07"/>
</Patient>