<?xml version="1.0" encoding="UTF-8"?>

<Patient xmlns="http://hl7.org/fhir">
  <id value="mogensen"/>
  <meta>
    <profile value="http://hl7.dk/fhir/core/StructureDefinition/dk-core-patient"/>
  </meta>
  <text>
    <status value="generated"/><div xmlns="http://www.w3.org/1999/xhtml"><p><b>Jan Mogensen (OFFICIAL)</b> male, DoB: 1964-12-11 ( id: 1112640001)</p></div>
  </text>
  <identifier>
    <system value="urn:oid:1.2.208.176.1.2"/>
    <value value="1112640001"/>
  </identifier>
  <name>
    <use value="official"/>
    <family value="Mogensen"/>
    <given value="Jan"/>
    <prefix value="Mr"/>
  </name>
  <gender value="male"/>
  <birthDate value="1964-12-11"/>
  <maritalStatus>
    <coding>
      <system value="http://hl7.dk/fhir/core/CodeSystem/dk-marital-status"/>
      <code value="P"/>
      <display value="Registreret partnerskab"/>
    </coding>
  </maritalStatus>
</Patient>