{"StructureDefinition-FoodAllergy.html":{"type":"StructureDefinition"},"StructureDefinition-FoodAllergyModel.html":{"type":"StructureDefinition"},"ValueSet-FoodAllergyVS.html":{"type":"ValueSet"},"ActorDefinition-Actor1.html":{"type":"ActorDefinition","example":true},"AllergyIntolerance-MyPeanutAllergy.html":{"type":"AllergyIntolerance","example":true,"exampleOf":{"name":"Food Allergy","url":"StructureDefinition-FoodAllergy.html"}},"Requirements-Requirements1.html":{"type":"Requirements","example":true}}