{
  "ImplementationGuide/r5demo": {
    "history": false,
    "testscript": false,
    "index": 0,
    "source": "c:\\temp\\medigree.fhir.r5demo#1.0.0\\fsh-generated\\resources\\ImplementationGuide-r5demo.json",
    "sourceTail": "ImplementationGuide-r5demo.json",
    "path": "ImplementationGuide-r5demo.html",
    "url": "http://medigree.net/fhir/r5demo/ImplementationGuide/r5demo",
    "version": "1.0.0",
    "name": "ExampleIG",
    "title": "HL7 FHIR R5 Implementation Guide",
    "date": "2020-02-26",
    "description": "Example IG for R5 content.",
    "jurisdictions": [
      {
        "code": "001",
        "name": "International",
        "flag": "001"
      }
    ],
    "status": {
      "class": "colsi",
      "owner": "My Organization",
      "link": "http://example.com/committees",
      "status": "Active"
    }
  },
  "ActorDefinition/Actor1": {
    "history": false,
    "testscript": false,
    "index": 1,
    "source": "fsh-generated/resources/ActorDefinition-Actor1.json",
    "sourceTail": "ActorDefinition-Actor1.json",
    "path": "ActorDefinition-Actor1.html",
    "url": "http://example.org/fhir/actor1",
    "identifiers": ": A1",
    "version": "1.0.0",
    "name": "Actor1",
    "title": "Actor 1",
    "experimental": false,
    "date": "2022-09-11",
    "description": "Actor description text here\nand here\n* option 1\n* option 2",
    "jurisdictions": [
      {
        "code": "001",
        "name": "International",
        "flag": "001"
      }
    ],
    "status": {
      "class": "colsd",
      "owner": "My Organization",
      "link": "http://example.com/committees",
      "status": "Draft"
    },
    "purpose": "For demonstrating the use of actor definitions.  \nThis actor participates in the following use cases:\n* use case 2\n* use case 5",
    "copyright": "You may copy this anytime."
  },
  "AllergyIntolerance/MyPeanutAllergy": {
    "history": false,
    "testscript": false,
    "index": 2,
    "source": "fsh-generated/resources/AllergyIntolerance-MyPeanutAllergy.json",
    "sourceTail": "AllergyIntolerance-MyPeanutAllergy.json",
    "path": "AllergyIntolerance-MyPeanutAllergy.html",
    "status": {
      "class": "colsi"
    }
  },
  "Requirements/Requirements1": {
    "history": false,
    "testscript": false,
    "index": 3,
    "source": "fsh-generated/resources/Requirements-Requirements1.json",
    "sourceTail": "Requirements-Requirements1.json",
    "path": "Requirements-Requirements1.html",
    "url": "http://example.org/fhir/requirements1",
    "identifiers": ": R1",
    "version": "1.0.0",
    "name": "FunctionalRequirements",
    "title": "Functional Requirements",
    "experimental": false,
    "date": "2022-12-12",
    "description": "The requirements\n* functional (these)\n* technical (not here)\n* others (where?)",
    "jurisdictions": [
      {
        "code": "001",
        "name": "International",
        "flag": "001"
      }
    ],
    "status": {
      "class": "colsd",
      "owner": "My Organization",
      "link": "http://example.com/committees",
      "status": "Draft"
    },
    "purpose": "For demonstrating the use of requirements\n\u003e Rendering requirements in the IG is always good\n#### header 4\ntext",
    "copyright": "You may copy this anytime."
  },
  "StructureDefinition/FoodAllergy": {
    "history": false,
    "testscript": false,
    "index": 4,
    "source": "fsh-generated/resources/StructureDefinition-FoodAllergy.json",
    "sourceTail": "StructureDefinition-FoodAllergy.json",
    "path": "StructureDefinition-FoodAllergy.html",
    "url": "http://medigree.net/fhir/r5demo/StructureDefinition/FoodAllergy",
    "version": "1.0.0",
    "name": "FoodAllergy",
    "title": "Food Allergy",
    "date": "2022-11-02T21:57:00+01:00",
    "description": "Food Allergy profile",
    "jurisdictions": [
      {
        "code": "001",
        "name": "International",
        "flag": "001"
      }
    ],
    "status": {
      "class": "colsi",
      "owner": "My Organization",
      "link": "http://example.com/committees",
      "status": "Active"
    }
  },
  "StructureDefinition/FoodAllergyModel": {
    "history": false,
    "testscript": false,
    "index": 5,
    "source": "fsh-generated/resources/StructureDefinition-FoodAllergyModel.json",
    "sourceTail": "StructureDefinition-FoodAllergyModel.json",
    "path": "StructureDefinition-FoodAllergyModel.html",
    "url": "http://medigree.net/fhir/r5demo/StructureDefinition/FoodAllergyModel",
    "version": "1.0.0",
    "name": "FoodAllergyModel",
    "title": "Food Allergy Logical Model",
    "date": "2022-11-02T21:57:00+01:00",
    "description": "Food Allergy information model",
    "jurisdictions": [
      {
        "code": "001",
        "name": "International",
        "flag": "001"
      }
    ],
    "status": {
      "class": "colsi",
      "owner": "My Organization",
      "link": "http://example.com/committees",
      "status": "Active"
    }
  },
  "ValueSet/FoodAllergyVS": {
    "history": false,
    "testscript": false,
    "index": 6,
    "source": "fsh-generated/resources/ValueSet-FoodAllergyVS.json",
    "sourceTail": "ValueSet-FoodAllergyVS.json",
    "path": "ValueSet-FoodAllergyVS.html",
    "url": "http://medigree.net/fhir/r5demo/ValueSet/FoodAllergyVS",
    "version": "1.0.0",
    "name": "FoodAllergyVS",
    "title": "Food Allergies",
    "date": "2022-11-02T21:57:00+01:00",
    "description": "Main Food allergies.",
    "jurisdictions": [
      {
        "code": "001",
        "name": "International",
        "flag": "001"
      }
    ],
    "status": {
      "class": "colsi",
      "owner": "My Organization",
      "link": "http://example.com/committees",
      "status": "Active"
    }
  }
}