{
  "FoodAllergy": {
    "index": 0,
    "url": "http://medigree.net/fhir/r5demo/StructureDefinition/FoodAllergy",
    "name": "FoodAllergy",
    "title": "Food Allergy",
    "path": "StructureDefinition-FoodAllergy.html",
    "kind": "resource",
    "type": "AllergyIntolerance",
    "base": "http://hl7.org/fhir/StructureDefinition/AllergyIntolerance",
    "basename": "AllergyIntolerance",
    "basepath": "http://build.fhir.org/allergyintolerance.html",
    "status": "active",
    "date": "Wed Nov 02 21:57:00 CET 2022",
    "abstract": false,
    "derivation": "constraint",
    "publisher": "My Organization",
    "description": "Food Allergy profile"
  },
  "FoodAllergyModel": {
    "index": 1,
    "url": "http://medigree.net/fhir/r5demo/StructureDefinition/FoodAllergyModel",
    "name": "FoodAllergyModel",
    "title": "Food Allergy Logical Model",
    "path": "StructureDefinition-FoodAllergyModel.html",
    "kind": "logical",
    "type": "http://medigree.net/fhir/r5demo/StructureDefinition/FoodAllergyModel",
    "base": "http://hl7.org/fhir/StructureDefinition/Base",
    "basename": "Base",
    "basepath": "http://build.fhir.org/types.html#Base",
    "status": "active",
    "date": "Wed Nov 02 21:57:00 CET 2022",
    "abstract": false,
    "derivation": "specialization",
    "publisher": "My Organization",
    "description": "Food Allergy information model"
  }
}